agg_orders_level_0,agg_orders_level_1
5065.0,25325.0
5090.0,25390.0
5205.0,25605.0
5200.0,20930.0
5240.0,905.0
5270.0,0.0
0.0,0.0
0.0,0.0
0.0,0.0
0.0,0.0
0.0,0.0
0.0,0.0
0.0,0.0
0.0,0.0
0.0,0.0
0.0,0.0
0.0,0.0
0.0,0.0
0.0,0.0
0.0,0.0
97.0,0.0
257.0,0.0
514.0,0.0
1083.0,0.0
1853.0,0.0
2364.0,0.0
2508.0,0.0
1807.0,0.0
647.0,0.0
0.0,0.0
0.0,0.0
63.0,0.0
211.0,0.0
473.0,0.0
1075.0,0.0
1801.0,0.0
2223.0,0.0
2203.0,0.0
1638.0,0.0
672.0,0.0
0.0,0.0
0.0,0.0
53.0,0.0
224.0,0.0
663.0,0.0
1338.0,0.0
2157.0,0.0
2542.0,0.0
2329.0,0.0
1573.0,0.0
663.0,0.0
0.0,0.0
0.0,0.0
88.0,0.0
359.0,0.0
997.0,0.0
2039.0,0.0
2951.0,0.0
3116.0,0.0
2450.0,0.0
1232.0,0.0
237.0,0.0
0.0,0.0
0.0,0.0
82.0,0.0
354.0,0.0
1036.0,0.0
2206.0,0.0
3111.0,0.0
3250.0,0.0
2454.0,0.0
1047.0,184.0
9.0,184.0
0.0,184.0
0.0,0.0
59.0,0.0
286.0,0.0
962.0,283.0
2105.0,1405.0
2959.0,3913.0
3195.0,5627.0
2397.0,5852.0
1120.0,5025.0
778.0,1494.0
364.0,0.0
0.0,0.0
1.0,0.0
137.0,0.0
370.0,0.0
846.0,0.0
1236.0,0.0
1723.0,0.0
1877.0,0.0
1863.0,0.0
1497.0,221.0
1181.0,718.0
550.0,802.0
163.0,654.0
199.0,230.0
556.0,221.0
1120.0,280.0
1663.0,1269.0
2043.0,2605.0
2057.0,3613.0
1893.0,4803.0
1609.0,4379.0
1691.0,3368.0
697.0,1475.0
304.0,353.0
427.0,0.0
756.0,0.0
1273.0,0.0
1763.0,0.0
2214.0,0.0
2620.0,622.0
2682.0,1654.0
1972.0,3445.0
1259.0,4167.0
467.0,3224.0
180.0,1826.0
454.0,0.0
763.0,0.0
1250.0,0.0
1674.0,0.0
1986.0,0.0
2298.0,1145.0
2233.0,3025.0
1658.0,3679.0
1261.0,3066.0
634.0,1242.0
215.0,426.0
354.0,433.0
574.0,122.0
791.0,0.0
1076.0,0.0
1522.0,142.0
2177.0,628.0
2577.0,1991.0
2301.0,3173.0
1451.0,3581.0
383.0,2266.0
90.0,433.0
202.0,270.0
431.0,170.0
860.0,18.0
1292.0,0.0
1583.0,0.0
1944.0,1272.0
1964.0,2949.0
1754.0,3949.0
1487.0,3495.0
1051.0,1852.0
304.0,286.0
344.0,47.0
646.0,250.0
1145.0,596.0
1540.0,945.0
1922.0,1049.0
2287.0,907.0
2216.0,1038.0
1884.0,1080.0
1593.0,1437.0
906.0,1315.0
251.0,868.0
540.0,813.0
899.0,704.0
1452.0,282.0
1864.0,589.0
2518.0,2557.0
2828.0,3445.0
2681.0,5651.0
1915.0,6055.0
1454.0,4524.0
495.0,1848.0
347.0,0.0
626.0,0.0
885.0,0.0
1025.0,0.0
1146.0,0.0
1699.0,0.0
2233.0,0.0
2687.0,0.0
2723.0,1650.0
1776.0,2527.0
770.0,3251.0
283.0,1839.0
422.0,812.0
656.0,48.0
772.0,0.0
959.0,0.0
1486.0,0.0
2065.0,741.0
2232.0,2299.0
2382.0,4271.0
1738.0,5136.0
961.0,3976.0
261.0,1720.0
358.0,0.0
511.0,0.0
630.0,0.0
937.0,0.0
1433.0,0.0
2038.0,0.0
2325.0,250.0
2213.0,1764.0
1570.0,2452.0
1153.0,2495.0
722.0,1144.0
500.0,600.0
644.0,638.0
912.0,827.0
1352.0,1122.0
2110.0,1646.0
2831.0,2376.0
2985.0,3031.0
2516.0,4190.0
1622.0,3531.0
901.0,3342.0
368.0,983.0
565.0,0.0
729.0,0.0
1231.0,0.0
2004.0,0.0
2698.0,0.0
3067.0,1087.0
2841.0,3376.0
1905.0,4523.0
1187.0,4918.0
892.0,3061.0
325.0,1926.0
453.0,168.0
782.0,0.0
1295.0,0.0
1881.0,193.0
2519.0,1325.0
2597.0,2290.0
1989.0,2450.0
1554.0,1134.0
1094.0,227.0
853.0,546.0
566.0,840.0
362.0,652.0
483.0,351.0
841.0,0.0
1244.0,0.0
1966.0,436.0
2625.0,1584.0
2757.0,3292.0
2124.0,4589.0
1518.0,5163.0
1020.0,3340.0
519.0,869.0
335.0,285.0
499.0,571.0
816.0,979.0
1213.0,1353.0
1592.0,1623.0
2322.0,1734.0
2623.0,1279.0
2572.0,11.0
2150.0,0.0
1822.0,1354.0
745.0,1764.0
498.0,1674.0
670.0,370.0
1137.0,0.0
1503.0,0.0
2093.0,1293.0
2683.0,3334.0
2711.0,4601.0
2517.0,5838.0
2331.0,5084.0
1759.0,4724.0
1004.0,2501.0
557.0,0.0
904.0,0.0
1395.0,0.0
1770.0,0.0
2170.0,69.0
2033.0,1228.0
1662.0,1712.0
1672.0,1613.0
2037.0,350.0
2144.0,266.0
1457.0,1462.0
709.0,1609.0
668.0,1364.0
1009.0,508.0
1330.0,0.0
1835.0,646.0
2008.0,1720.0
1888.0,3486.0
1868.0,4195.0
2081.0,3384.0
2012.0,4660.0
1313.0,3973.0
1139.0,2302.0
509.0,429.0
820.0,0.0
1188.0,0.0
1548.0,0.0
1720.0,0.0
1384.0,667.0
1217.0,938.0
1381.0,908.0
1924.0,197.0
2019.0,0.0
1481.0,510.0
717.0,617.0
1288.0,887.0
1826.0,2089.0
2060.0,3497.0
2020.0,3844.0
1604.0,3868.0
1485.0,2163.0
2044.0,2694.0
2445.0,4045.0
2151.0,4136.0
1126.0,2658.0
1010.0,0.0
1636.0,0.0
2155.0,0.0
2296.0,0.0
2098.0,732.0
1582.0,1152.0
1717.0,1973.0
2331.0,2612.0
2472.0,2765.0
1805.0,3687.0
949.0,2232.0
1091.0,1394.0
1766.0,971.0
2275.0,1883.0
2297.0,2750.0
1780.0,2835.0
1084.0,2115.0
1416.0,0.0
2153.0,710.0
2483.0,2071.0
2003.0,3774.0
780.0,3635.0
862.0,1655.0
1397.0,408.0
1803.0,89.0
1938.0,0.0
1709.0,0.0
1159.0,331.0
1151.0,789.0
1767.0,2002.0
2155.0,2830.0
2010.0,2885.0
1133.0,1611.0
820.0,474.0
1213.0,1410.0
1669.0,2537.0
1872.0,2922.0
1811.0,3368.0
1357.0,1785.0
1389.0,1495.0
1783.0,1752.0
2240.0,1954.0
2196.0,1602.0
1433.0,785.0
739.0,236.0
1396.0,454.0
2006.0,636.0
2257.0,886.0
2163.0,1464.0
2179.0,2079.0
1966.0,2033.0
2714.0,3171.0
2751.0,4755.0
2057.0,5377.0
547.0,3481.0
874.0,0.0
1676.0,0.0
2334.0,1271.0
2675.0,2925.0
2392.0,3060.0
1954.0,3115.0
1658.0,756.0
2468.0,0.0
2557.0,1626.0
1957.0,3484.0
509.0,3556.0
629.0,1941.0
1176.0,0.0
1769.0,0.0
2131.0,0.0
2245.0,0.0
2242.0,0.0
1935.0,468.0
2297.0,1589.0
2415.0,4099.0
1917.0,5250.0
585.0,4481.0
539.0,1125.0
806.0,575.0
1320.0,1277.0
1697.0,1985.0
2061.0,2644.0
2519.0,2608.0
2416.0,1357.0
2400.0,0.0
2467.0,846.0
1892.0,2533.0
446.0,2488.0
514.0,1562.0
806.0,0.0
1264.0,0.0
1885.0,0.0
2234.0,0.0
2621.0,879.0
2326.0,2504.0
2284.0,4311.0
2524.0,5718.0
2057.0,5942.0
833.0,3111.0
578.0,450.0
1094.0,0.0
1541.0,385.0
2365.0,1816.0
3003.0,3115.0
3248.0,3210.0
2699.0,2424.0
2918.0,662.0
2596.0,2251.0
1344.0,3104.0
617.0,2357.0
645.0,470.0
1169.0,0.0
1836.0,0.0
2562.0,0.0
2990.0,294.0
2925.0,2302.0
2378.0,3574.0
2917.0,5554.0
2667.0,6261.0
1422.0,4901.0
975.0,1569.0
556.0,0.0
900.0,0.0
1536.0,702.0
2281.0,1908.0
2625.0,3130.0
2473.0,3210.0
1939.0,1753.0
2297.0,0.0
2482.0,1082.0
1806.0,1848.0
1205.0,2577.0
518.0,1410.0
1052.0,813.0
1495.0,0.0
2223.0,0.0
2526.0,0.0
2310.0,122.0
1529.0,1161.0
1897.0,2622.0
2259.0,4715.0
1975.0,5853.0
1381.0,4460.0
863.0,3272.0
1093.0,1596.0
1585.0,2161.0
2213.0,2639.0
2562.0,2432.0
2524.0,1154.0
2112.0,0.0
2427.0,0.0
2705.0,176.0
2156.0,1505.0
1248.0,2217.0
851.0,1936.0
1508.0,772.0
2101.0,0.0
2646.0,853.0
2968.0,2738.0
2596.0,4615.0
2483.0,4875.0
2750.0,4781.0
2778.0,6577.0
2165.0,4456.0
1461.0,3404.0
808.0,156.0
1363.0,0.0
1847.0,0.0
2552.0,974.0
2480.0,2311.0
1667.0,2896.0
1316.0,1872.0
2020.0,0.0
2973.0,0.0
2961.0,242.0
2089.0,1612.0
805.0,1502.0
1317.0,1375.0
1734.0,272.0
2394.0,522.0
2392.0,1991.0
1582.0,2922.0
1268.0,3033.0
1769.0,2832.0
2762.0,4880.0
2946.0,6184.0
2284.0,5566.0
776.0,1274.0
1193.0,0.0
1678.0,0.0
2353.0,1038.0
2482.0,2468.0
1763.0,3213.0
1359.0,2145.0
1766.0,0.0
2824.0,0.0
3060.0,1304.0
2465.0,2397.0
931.0,2519.0
1253.0,1303.0
1772.0,447.0
2406.0,616.0
2520.0,1874.0
1946.0,2685.0
1638.0,2798.0
2178.0,2070.0
3086.0,3266.0
3158.0,5362.0
2207.0,5748.0
923.0,2382.0
1553.0,0.0
2184.0,943.0
2622.0,2620.0
2510.0,3580.0
1816.0,3341.0
1840.0,676.0
2390.0,0.0
3122.0,628.0
2946.0,3472.0
1790.0,4774.0
862.0,4036.0
1418.0,632.0
2016.0,0.0
2534.0,0.0
2548.0,341.0
1996.0,893.0
1818.0,858.0
2411.0,723.0
3086.0,2923.0
2917.0,5828.0
1687.0,6850.0
819.0,3849.0
1343.0,776.0
1972.0,2319.0
2306.0,3460.0
2385.0,3575.0
1745.0,2598.0
1634.0,0.0
1922.0,0.0
2757.0,0.0
2804.0,942.0
1981.0,1902.0
910.0,1812.0
1461.0,850.0
2134.0,63.0
2307.0,261.0
2324.0,772.0
1632.0,1601.0
1791.0,2149.0
2066.0,2882.0
2898.0,4510.0
3015.0,5716.0
2203.0,4832.0
1142.0,2408.0
1576.0,2348.0
2190.0,3399.0
2455.0,3539.0
2437.0,3638.0
2672.0,1137.0
2917.0,0.0
2713.0,0.0
3472.0,1790.0
3155.0,4519.0
1763.0,5147.0
729.0,3792.0
755.0,248.0
1386.0,0.0
2227.0,0.0
3089.0,0.0
3468.0,1229.0
3339.0,2848.0
2709.0,4200.0
3238.0,4620.0
2821.0,4697.0
1359.0,4179.0
691.0,1327.0
677.0,329.0
1208.0,0.0
1871.0,0.0
2708.0,684.0
3195.0,2320.0
3287.0,3907.0
2675.0,4713.0
2954.0,3922.0
2697.0,3801.0
1450.0,3631.0
605.0,645.0
604.0,554.0
1166.0,64.0
1723.0,0.0
2641.0,0.0
3129.0,633.0
3266.0,2653.0
2552.0,4021.0
2882.0,4686.0
2668.0,3634.0
1506.0,1680.0
628.0,584.0
626.0,529.0
1172.0,219.0
1730.0,1174.0
2694.0,2705.0
3582.0,4705.0
3844.0,6199.0
3209.0,5315.0
3205.0,3749.0
2717.0,4579.0
1484.0,2055.0
897.0,1209.0
621.0,372.0
1279.0,0.0
1947.0,0.0
3016.0,0.0
3683.0,0.0
3831.0,2130.0
3007.0,4136.0
3503.0,4674.0
3322.0,4562.0
1955.0,3765.0
1309.0,1688.0
603.0,1499.0
1105.0,532.0
1929.0,1348.0
2973.0,2958.0
3132.0,3830.0
3107.0,3915.0
2244.0,2466.0
3159.0,2711.0
3605.0,3855.0
3043.0,4605.0
1250.0,3228.0
518.0,927.0
866.0,358.0
1749.0,0.0
2749.0,0.0
3005.0,0.0
3165.0,1087.0
2464.0,2679.0
3177.0,4519.0
3481.0,4768.0
2793.0,4800.0
884.0,1119.0
523.0,367.0
694.0,303.0
1559.0,333.0
2553.0,2026.0
2947.0,4077.0
3259.0,5431.0
2667.0,5538.0
3043.0,3143.0
3398.0,2949.0
2727.0,2294.0
987.0,147.0
608.0,82.0
729.0,101.0
1455.0,247.0
2465.0,722.0
3090.0,1333.0
3685.0,2294.0
3340.0,3911.0
3361.0,4521.0
3640.0,5935.0
2808.0,4982.0
948.0,3781.0
643.0,1451.0
1051.0,0.0
1808.0,0.0
2945.0,1135.0
3605.0,3056.0
4087.0,4085.0
3443.0,4090.0
3694.0,2015.0
3588.0,4245.0
2342.0,6116.0
798.0,5421.0
635.0,1066.0
1062.0,0.0
1862.0,0.0
2934.0,0.0
3460.0,0.0
3727.0,461.0
3059.0,1287.0
3467.0,3130.0
3490.0,5305.0
2369.0,6537.0
793.0,4110.0
624.0,1325.0
893.0,19.0
1598.0,640.0
2595.0,2108.0
3245.0,3841.0
3402.0,4095.0
2864.0,2900.0
2944.0,372.0
3167.0,2219.0
2346.0,4242.0
1267.0,4456.0
653.0,2117.0
1013.0,0.0
1586.0,0.0
2592.0,0.0
3137.0,344.0
3424.0,1526.0
2912.0,3324.0
3134.0,4442.0
3524.0,4899.0
2763.0,4518.0
1301.0,2983.0
704.0,2833.0
1252.0,1548.0
1927.0,410.0
2966.0,754.0
3571.0,1797.0
3868.0,2928.0
3287.0,3328.0
3699.0,3508.0
3784.0,5039.0
2611.0,5716.0
1079.0,4605.0
766.0,517.0
1329.0,0.0
2189.0,0.0
3262.0,229.0
3691.0,2237.0
3607.0,4851.0
2854.0,6561.0
3492.0,5793.0
3652.0,4245.0
2565.0,3354.0
1219.0,967.0
696.0,901.0
1230.0,545.0
2094.0,15.0
3145.0,0.0
3641.0,263.0
3408.0,2084.0
2563.0,2929.0
3111.0,3987.0
3393.0,4774.0
2488.0,5470.0
1599.0,4228.0
684.0,349.0
1066.0,0.0
1678.0,0.0
2680.0,1131.0
3300.0,2912.0
3407.0,5059.0
2848.0,6071.0
3058.0,4947.0
3382.0,4320.0
2593.0,3502.0
1414.0,984.0
700.0,914.0
1141.0,851.0
1751.0,307.0
2784.0,95.0
3343.0,0.0
3574.0,504.0
3077.0,1984.0
3268.0,3554.0
3651.0,5059.0
2803.0,5710.0
1320.0,3831.0
881.0,1191.0
1659.0,1037.0
2335.0,1366.0
3378.0,2723.0
3810.0,4806.0
3741.0,6442.0
3022.0,5699.0
3637.0,4315.0
3762.0,4450.0
2732.0,2065.0
1624.0,1355.0
951.0,1361.0
1841.0,786.0
2619.0,44.0
3680.0,0.0
3448.0,1326.0
3054.0,2793.0
2292.0,3888.0
3570.0,4491.0
4107.0,4410.0
3348.0,5668.0
1309.0,3739.0
821.0,1333.0
1515.0,367.0
2118.0,0.0
3208.0,1033.0
3310.0,2996.0
3009.0,4376.0
2148.0,4546.0
3172.0,3317.0
3866.0,4440.0
3314.0,4555.0
1577.0,3147.0
795.0,189.0
1224.0,360.0
1821.0,541.0
2708.0,1013.0
3090.0,1285.0
2896.0,2056.0
2352.0,2371.0
2678.0,2370.0
3529.0,2281.0
3373.0,2204.0
2066.0,1934.0
818.0,346.0
1558.0,74.0
2263.0,1549.0
3162.0,3957.0
3319.0,6184.0
3223.0,6947.0
2593.0,5199.0
3358.0,4104.0
4081.0,5887.0
3598.0,5922.0
1811.0,4454.0
1063.0,987.0
2042.0,0.0
2749.0,0.0
3753.0,0.0
3553.0,272.0
3184.0,1595.0
2552.0,1615.0
3905.0,3422.0
4402.0,4425.0
3476.0,6167.0
1215.0,5406.0
1089.0,2004.0
2055.0,1084.0
2760.0,1471.0
3713.0,3625.0
3440.0,4570.0
2718.0,4675.0
2094.0,1932.0
3366.0,890.0
4072.0,2943.0
3455.0,5825.0
1623.0,5855.0
968.0,2992.0
1638.0,141.0
2288.0,0.0
3162.0,0.0
3161.0,0.0
2661.0,429.0
2340.0,1717.0
3235.0,3634.0
4025.0,4857.0
3524.0,5354.0
1749.0,3347.0
922.0,2243.0
1587.0,2869.0
2205.0,2863.0
3118.0,3093.0
3193.0,2765.0
2718.0,1828.0
2222.0,87.0
3147.0,479.0
4095.0,2182.0
3770.0,3927.0
2165.0,4259.0
960.0,2147.0
1817.0,650.0
2648.0,2384.0
3659.0,5245.0
3502.0,6506.0
2905.0,6793.0
2212.0,3619.0
3662.0,1971.0
4459.0,2215.0
3961.0,3299.0
1981.0,2381.0
1093.0,2113.0
1888.0,1412.0
2898.0,212.0
3801.0,0.0
3411.0,42.0
2704.0,1372.0
2339.0,1629.0
3861.0,4958.0
4583.0,8509.0
3918.0,9540.0
1758.0,8348.0
1153.0,1365.0
1943.0,328.0
2830.0,1638.0
3695.0,3796.0
3262.0,4750.0
2553.0,4850.0
2179.0,1504.0
3656.0,0.0
4479.0,0.0
3913.0,1475.0
1916.0,2520.0
1037.0,2723.0
1807.0,2094.0
2665.0,974.0
3516.0,133.0
3182.0,0.0
2351.0,995.0
1849.0,1893.0
3171.0,4093.0
4085.0,7476.0
3770.0,9494.0
2142.0,7614.0
1009.0,3460.0
1875.0,1760.0
2667.0,2497.0
3628.0,3575.0
3404.0,4001.0
2346.0,2915.0
1701.0,0.0
3078.0,0.0
4289.0,0.0
4226.0,0.0
2747.0,1675.0
1086.0,1877.0
1946.0,2722.0
2891.0,2520.0
3878.0,2352.0
3524.0,2708.0
2742.0,4134.0
2258.0,4228.0
3856.0,3834.0
4808.0,6328.0
4295.0,9221.0
2175.0,8111.0
1169.0,2850.0
2042.0,0.0
3045.0,0.0
3921.0,535.0
3490.0,2794.0
2312.0,4228.0
2008.0,3618.0
3642.0,958.0
4798.0,0.0
4461.0,2382.0
2503.0,3960.0
1113.0,4212.0
1823.0,2748.0
2897.0,383.0
3785.0,0.0
3421.0,1395.0
1982.0,2833.0
1526.0,2811.0
2987.0,2153.0
4447.0,4990.0
4586.0,9108.0
3208.0,9975.0
950.0,5996.0
1703.0,0.0
2733.0,0.0
3780.0,1484.0
3593.0,3781.0
2128.0,5105.0
1349.0,3702.0
2758.0,0.0
4304.0,0.0
4570.0,0.0
3448.0,1458.0
1076.0,1674.0
1665.0,2368.0
2634.0,2286.0
3753.0,2351.0
3694.0,1774.0
2571.0,2399.0
1727.0,2238.0
3046.0,2332.0
4528.0,4791.0
4782.0,8757.0
3462.0,10140.0
1540.0,7281.0
1800.0,791.0
2787.0,0.0
3746.0,2022.0
3585.0,4311.0
2349.0,5155.0
2110.0,4401.0
3307.0,177.0
4833.0,0.0
4957.0,365.0
3427.0,2949.0
1335.0,3397.0
2097.0,4188.0
3136.0,3135.0
3944.0,1602.0
3471.0,0.0
1944.0,1558.0
1628.0,1735.0
2916.0,1775.0
4463.0,2895.0
4763.0,6618.0
3551.0,9391.0
1580.0,7828.0
2011.0,2235.0
3004.0,863.0
3878.0,3098.0
3506.0,5150.0
1947.0,5250.0
1607.0,3231.0
2900.0,0.0
4480.0,0.0
4754.0,1191.0
3536.0,3435.0
1269.0,3832.0
1766.0,3403.0
2676.0,1469.0
3709.0,923.0
3618.0,0.0
2231.0,178.0
1474.0,457.0
2666.0,559.0
4290.0,3811.0
4838.0,8502.0
3870.0,11784.0
1447.0,9349.0
1602.0,2249.0
2639.0,474.0
3687.0,1329.0
3669.0,2894.0
2383.0,4124.0
1836.0,3244.0
3032.0,531.0
4799.0,0.0
5249.0,150.0
3974.0,2988.0
1412.0,3575.0
1907.0,4416.0
3111.0,3166.0
4036.0,1642.0
3705.0,2510.0
2397.0,4061.0
1951.0,3878.0
3724.0,2627.0
5214.0,4567.0
5198.0,8715.0
3340.0,10163.0
1356.0,6307.0
2103.0,1356.0
3457.0,0.0
4247.0,324.0
3594.0,2730.0
1791.0,4094.0
1696.0,3700.0
3479.0,1149.0
5047.0,0.0
5163.0,868.0
3477.0,3063.0
1120.0,3347.0
1924.0,3519.0
3149.0,2271.0
4104.0,1435.0
3635.0,2784.0
1939.0,3729.0
1250.0,3680.0
2782.0,1631.0
4349.0,2191.0
4735.0,6519.0
3671.0,9431.0
1527.0,7921.0
1793.0,2279.0
2776.0,0.0
3798.0,0.0
3627.0,1631.0
2215.0,3412.0
1773.0,3778.0
2886.0,2187.0
4608.0,0.0
4997.0,739.0
3932.0,3912.0
1530.0,4551.0
1906.0,4777.0
2866.0,2606.0
3861.0,636.0
3723.0,1907.0
2664.0,3731.0
2441.0,4198.0
3764.0,3568.0
5234.0,4433.0
5211.0,8689.0
3358.0,10334.0
1304.0,6368.0
2030.0,1764.0
3200.0,0.0
4169.0,0.0
3844.0,2161.0
2552.0,3972.0
2239.0,4189.0
3766.0,2217.0
5216.0,0.0
5141.0,826.0
3266.0,3144.0
1399.0,3676.0
2026.0,4041.0
3329.0,2898.0
4216.0,1220.0
3750.0,2007.0
2056.0,3748.0
1712.0,3831.0
3306.0,3294.0
4911.0,3764.0
5196.0,7566.0
3742.0,9293.0
1490.0,6566.0
1898.0,2773.0
3127.0,24.0
4007.0,0.0
3671.0,1944.0
2112.0,3699.0
1954.0,3970.0
3325.0,2182.0
4928.0,0.0
5056.0,1380.0
3549.0,3462.0
1240.0,3847.0
1720.0,3538.0
2849.0,1919.0
3747.0,1871.0
3550.0,2353.0
2281.0,2959.0
2307.0,3630.0
3375.0,2795.0
4986.0,2453.0
5257.0,6697.0
3731.0,9546.0
1325.0,7978.0
1953.0,2525.0
3251.0,0.0
4104.0,163.0
3702.0,2664.0
2618.0,4567.0
2780.0,4858.0
4219.0,2460.0
5463.0,0.0
5106.0,3854.0
2847.0,5675.0
1400.0,6257.0
2212.0,3771.0
3714.0,318.0
4540.0,0.0
3842.0,1590.0
2468.0,3382.0
2396.0,3292.0
4291.0,1950.0
5435.0,5113.0
4957.0,9391.0
2612.0,10909.0
1332.0,6247.0
2006.0,0.0
3381.0,0.0
4242.0,903.0
3812.0,3522.0
2696.0,5388.0
2723.0,4773.0
4174.0,1392.0
5182.0,0.0
4650.0,2305.0
2297.0,3582.0
1281.0,3973.0
1811.0,2812.0
3011.0,1179.0
3921.0,0.0
3787.0,0.0
2829.0,1069.0
2773.0,1664.0
3867.0,4677.0
5033.0,9006.0
4697.0,11775.0
2719.0,10733.0
1289.0,3394.0
1720.0,0.0
2898.0,0.0
3824.0,1726.0
3765.0,4187.0
3069.0,5735.0
3355.0,5628.0
4290.0,1721.0
5531.0,0.0
5241.0,1207.0
2982.0,3089.0
1392.0,3608.0
1933.0,3747.0
3326.0,2718.0
4197.0,1100.0
3804.0,0.0
3246.0,862.0
3288.0,1407.0
4847.0,4724.0
5811.0,10103.0
5049.0,12595.0
2348.0,11504.0
1427.0,2739.0
2222.0,0.0
3556.0,378.0
4455.0,3080.0
3906.0,5815.0
2904.0,5930.0
2620.0,4379.0
4364.0,0.0
5458.0,0.0
4900.0,863.0
2542.0,2311.0
1330.0,2728.0
1965.0,3100.0
3278.0,2742.0
4202.0,1951.0
3814.0,129.0
2867.0,627.0
2680.0,899.0
4137.0,3364.0
5268.0,8390.0
4832.0,12180.0
2614.0,11785.0
1161.0,4329.0
1687.0,0.0
2921.0,256.0
3949.0,1840.0
3845.0,4316.0
3114.0,5895.0
2967.0,4866.0
4178.0,774.0
5291.0,0.0
4897.0,1700.0
2701.0,2243.0
1229.0,2621.0
1908.0,2112.0
3267.0,1837.0
4264.0,2125.0
3958.0,2254.0
3394.0,2770.0
3282.0,2352.0
4838.0,4696.0
5741.0,8092.0
4946.0,10374.0
2273.0,8448.0
1329.0,2075.0
2308.0,0.0
3781.0,566.0
4731.0,3444.0
4038.0,5950.0
3299.0,6055.0
2963.0,4162.0
4967.0,1109.0
5899.0,3863.0
4988.0,7443.0
2203.0,7512.0
1165.0,4195.0
2119.0,1991.0
3582.0,1138.0
4469.0,0.0
3902.0,0.0
3348.0,976.0
3151.0,1283.0
5025.0,2962.0
5944.0,5640.0
5033.0,8401.0
2120.0,7439.0
840.0,3270.0
1700.0,1222.0
3139.0,372.0
4104.0,627.0
3885.0,3242.0
3306.0,5283.0
3292.0,6065.0
4686.0,5344.0
5668.0,5418.0
4901.0,6964.0
2165.0,6185.0
924.0,1579.0
1619.0,1392.0
3085.0,1176.0
4048.0,528.0
3948.0,0.0
3318.0,805.0
3413.0,1693.0
4654.0,3762.0
5705.0,6435.0
5056.0,8381.0
2519.0,7247.0
1028.0,3234.0
2103.0,1477.0
3621.0,967.0
4577.0,1519.0
4116.0,3900.0
3601.0,5927.0
3589.0,5919.0
5408.0,5048.0
6223.0,6034.0
5120.0,7643.0
2044.0,7119.0
1151.0,2371.0
2299.0,1921.0
3781.0,1259.0
4631.0,0.0
4043.0,0.0
3655.0,1599.0
3645.0,1962.0
5446.0,4908.0
6211.0,7137.0
4917.0,8157.0
1945.0,6389.0
1113.0,1797.0
2177.0,1392.0
3612.0,590.0
4463.0,1332.0
3848.0,4079.0
3265.0,6021.0
3122.0,5468.0
4829.0,3966.0
5816.0,5387.0
5020.0,7634.0
2306.0,7287.0
1066.0,2308.0
1806.0,1652.0
3223.0,1106.0
4206.0,0.0
3931.0,0.0
3440.0,869.0
3321.0,1531.0
4715.0,3448.0
5734.0,6065.0
5038.0,8050.0
2411.0,6948.0
934.0,2617.0
1694.0,1155.0
3240.0,679.0
4374.0,1717.0
4279.0,4259.0
3831.0,6612.0
3699.0,6872.0
5097.0,5299.0
6074.0,5217.0
5162.0,7887.0
2242.0,6170.0
986.0,2138.0
1971.0,1373.0
3577.0,733.0
4595.0,0.0
4285.0,0.0
3945.0,982.0
4151.0,2060.0
5781.0,5483.0
6533.0,8740.0
5122.0,10694.0
1697.0,8091.0
1046.0,2830.0
2300.0,971.0
3872.0,0.0
4832.0,807.0
4187.0,3745.0
3579.0,5746.0
3652.0,5419.0
5671.0,4338.0
6431.0,4842.0
5115.0,7762.0
1699.0,7230.0
704.0,2877.0
1980.0,1598.0
3491.0,1250.0
4510.0,247.0
4104.0,0.0
3607.0,994.0
3715.0,1717.0
5389.0,4644.0
6347.0,7597.0
5227.0,9168.0
2011.0,7333.0
701.0,2230.0
1834.0,1089.0
3319.0,92.0
4351.0,42.0
4087.0,2742.0
3404.0,4777.0
3453.0,6711.0
4889.0,6718.0
6084.0,6092.0
5304.0,7311.0
2504.0,6380.0
743.0,1947.0
2001.0,1940.0
3589.0,1499.0
4760.0,585.0
4443.0,507.0
3548.0,2632.0
3395.0,3306.0
5260.0,4423.0
6512.0,5835.0
5676.0,6870.0
2745.0,7912.0
868.0,4811.0
2374.0,1699.0
3986.0,1181.0
4885.0,665.0
4233.0,3101.0
3457.0,5226.0
3787.0,5836.0
5692.0,6188.0
6811.0,5753.0
5570.0,7326.0
2309.0,7676.0
816.0,2604.0
2351.0,2333.0
3841.0,1938.0
4699.0,759.0
4084.0,0.0
3481.0,1660.0
3853.0,2416.0
5698.0,4307.0
6687.0,6934.0
5448.0,8575.0
2074.0,7154.0
675.0,3600.0
2160.0,1425.0
3643.0,664.0
4631.0,127.0
4108.0,2114.0
3451.0,4247.0
3422.0,5802.0
5218.0,6893.0
6398.0,6837.0
5398.0,6862.0
2461.0,6548.0
604.0,1608.0
1998.0,2380.0
3490.0,2470.0
4523.0,1762.0
4194.0,483.0
3508.0,2699.0
3456.0,3630.0
5001.0,3991.0
6318.0,4678.0
5474.0,4342.0
2925.0,6039.0
730.0,4497.0
2201.0,1694.0
3586.0,1195.0
4553.0,1615.0
4076.0,2818.0
4312.0,4965.0
4379.0,5738.0
6120.0,6335.0
6884.0,7596.0
5343.0,9123.0
1929.0,8231.0
969.0,3350.0
2586.0,574.0
3931.0,0.0
4757.0,0.0
3985.0,833.0
4328.0,3137.0
4325.0,3931.0
6317.0,4170.0
6878.0,8157.0
5140.0,10248.0
1599.0,11142.0
1058.0,6178.0
2546.0,0.0
3827.0,0.0
4486.0,0.0
3798.0,972.0
3801.0,3300.0
4037.0,4336.0
5779.0,4330.0
6712.0,2837.0
5411.0,5151.0
2195.0,6835.0
878.0,7091.0
2373.0,3638.0
3741.0,601.0
4529.0,0.0
3860.0,341.0
3824.0,2537.0
3919.0,3369.0
5739.0,3893.0
6684.0,8458.0
5315.0,10719.0
2025.0,11655.0
730.0,6424.0
2252.0,0.0
3647.0,0.0
4566.0,0.0
3983.0,1675.0
3659.0,3829.0
3629.0,4572.0
5530.0,3818.0
6600.0,1968.0
5569.0,3807.0
2708.0,5874.0
985.0,6089.0
2613.0,4112.0
3978.0,629.0
4731.0,0.0
3886.0,1387.0
4101.0,3654.0
4329.0,4462.0
6445.0,7106.0
7127.0,11164.0
5463.0,12504.0
1828.0,12117.0
1296.0,4053.0
2928.0,0.0
4208.0,0.0
4720.0,0.0
3848.0,1252.0
3902.0,3623.0
4329.0,4494.0
6406.0,4312.0
7173.0,2595.0
5535.0,3747.0
1972.0,5155.0
1309.0,5872.0
2816.0,4329.0
4181.0,1766.0
4635.0,462.0
3710.0,429.0
3613.0,2802.0
4238.0,3784.0
6111.0,5623.0
6933.0,10339.0
5459.0,12314.0
2022.0,12379.0
1111.0,5858.0
2636.0,0.0
3973.0,0.0
4581.0,0.0
3649.0,903.0
3283.0,3212.0
3692.0,4168.0
5471.0,4200.0
6597.0,2232.0
5551.0,1611.0
2613.0,3170.0
977.0,4052.0
2583.0,4261.0
3985.0,3395.0
4752.0,2292.0
3910.0,2696.0
3716.0,3585.0
4003.0,4325.0
6000.0,4434.0
6933.0,7922.0
5537.0,10446.0
2244.0,12384.0
1106.0,7832.0
2870.0,0.0
4315.0,0.0
4999.0,0.0
4106.0,887.0
4335.0,3355.0
4740.0,4223.0
6926.0,4629.0
7253.0,5023.0
5050.0,6639.0
1305.0,7701.0
1273.0,6591.0
3054.0,2207.0
4518.0,0.0
5124.0,0.0
4166.0,717.0
4086.0,3281.0
4576.0,4271.0
6545.0,6480.0
7002.0,10746.0
5024.0,12047.0
1758.0,11848.0
1167.0,5144.0
2897.0,0.0
4360.0,0.0
4998.0,0.0
3946.0,566.0
3748.0,3017.0
4001.0,3834.0
6192.0,4433.0
6994.0,3528.0
5404.0,3660.0
1917.0,5259.0
1129.0,5551.0
2708.0,3920.0
4028.0,1109.0
4671.0,36.0
3911.0,687.0
3904.0,3186.0
4198.0,4262.0
6013.0,7203.0
6738.0,11305.0
5241.0,12913.0
2253.0,12246.0
1217.0,5246.0
2713.0,0.0
4028.0,0.0
4598.0,0.0
4024.0,0.0
4509.0,2220.0
5187.0,3663.0
6660.0,4938.0
7029.0,5578.0
4904.0,5065.0
1676.0,5072.0
1253.0,4781.0
2907.0,3268.0
4367.0,1620.0
5031.0,854.0
4353.0,0.0
4749.0,2340.0
5276.0,3599.0
6965.0,9846.0
7059.0,15120.0
4719.0,15777.0
1243.0,11042.0
1292.0,1147.0
2940.0,0.0
4347.0,0.0
4972.0,0.0
4329.0,0.0
4817.0,2320.0
5287.0,3494.0
7014.0,4722.0
7069.0,5093.0
4675.0,5744.0
1106.0,5198.0
1273.0,5091.0
2699.0,2833.0
4102.0,853.0
4685.0,0.0
4095.0,0.0
4645.0,1897.0
5385.0,3612.0
6800.0,10355.0
6938.0,15951.0
4678.0,15945.0
1292.0,10477.0
1325.0,73.0
2563.0,0.0
3918.0,0.0
4392.0,0.0
3844.0,0.0
4251.0,1238.0
5224.0,2996.0
6340.0,4179.0
6849.0,5089.0
5041.0,5226.0
1891.0,4270.0
1319.0,4757.0
2849.0,4185.0
4242.0,2547.0
4807.0,1482.0
4229.0,0.0
4847.0,2313.0
5661.0,3842.0
7148.0,9949.0
7276.0,15487.0
5046.0,16297.0
1567.0,11774.0
1449.0,2027.0
3211.0,0.0
4602.0,0.0
5104.0,0.0
4629.0,0.0
4856.0,2385.0
5447.0,3480.0
7209.0,4894.0
7148.0,5859.0
4576.0,5470.0
1402.0,5024.0
1371.0,4494.0
3191.0,2881.0
4564.0,1664.0
5118.0,965.0
4223.0,118.0
4360.0,2664.0
4820.0,3525.0
6859.0,9269.0
7079.0,14244.0
4952.0,15431.0
1486.0,11341.0
1376.0,1844.0
2937.0,0.0
4261.0,0.0
4719.0,0.0
4046.0,259.0
4190.0,2718.0
4802.0,3703.0
6623.0,4565.0
7029.0,3721.0
5076.0,3622.0
1738.0,4195.0
1400.0,5041.0
2953.0,4389.0
4242.0,2800.0
4688.0,1134.0
4071.0,446.0
4319.0,3040.0
5096.0,4234.0
6727.0,8318.0
7107.0,12940.0
5176.0,14112.0
2129.0,12164.0
1525.0,4025.0
3318.0,0.0
4636.0,0.0
5096.0,0.0
4397.0,1340.0
4682.0,3923.0
5211.0,4785.0
7351.0,4731.0
7438.0,3808.0
5084.0,4890.0
1660.0,6100.0
1626.0,6172.0
3529.0,3791.0
4821.0,1023.0
5187.0,0.0
4297.0,1368.0
4467.0,3989.0
4895.0,4823.0
7128.0,8519.0
7363.0,12473.0
5128.0,14340.0
1774.0,12253.0
1560.0,3725.0
3381.0,0.0
4659.0,0.0
5022.0,0.0
4257.0,576.0
4489.0,3096.0
4924.0,3869.0
7112.0,4635.0
7274.0,4873.0
4942.0,3661.0
1778.0,4923.0
1508.0,4548.0
3177.0,3582.0
4431.0,2767.0
4795.0,2029.0
3975.0,767.0
4353.0,3402.0
5017.0,4484.0
6782.0,8006.0
7147.0,11342.0
4995.0,12440.0
2120.0,11182.0
1560.0,4715.0
3257.0,637.0
4496.0,0.0
4895.0,0.0
4100.0,283.0
4600.0,3057.0
5233.0,4319.0
6941.0,5362.0
7224.0,5101.0
5084.0,5692.0
2090.0,6911.0
1604.0,7185.0
3571.0,4628.0
4944.0,742.0
5403.0,0.0
4606.0,825.0
5176.0,3598.0
5647.0,5746.0
7610.0,9944.0
7386.0,13715.0
4651.0,13318.0
1634.0,9774.0
1716.0,4009.0
3590.0,0.0
4812.0,0.0
5144.0,0.0
4566.0,1058.0
5073.0,3708.0
5538.0,4541.0
7474.0,4898.0
7138.0,3949.0
4404.0,4789.0
1558.0,6108.0
1695.0,6520.0
3362.0,4269.0
4583.0,1370.0
4837.0,0.0
4182.0,469.0
4774.0,3036.0
5277.0,3885.0
7353.0,8501.0
7233.0,13248.0
4640.0,14143.0
1061.0,10826.0
1542.0,2268.0
3329.0,0.0
4660.0,0.0
5096.0,0.0
4379.0,1401.0
4719.0,4032.0
5159.0,4875.0
7299.0,4871.0
7223.0,4416.0
4762.0,5750.0
1156.0,6647.0
1700.0,6053.0
3640.0,2811.0
5048.0,873.0
5378.0,0.0
4619.0,1287.0
5235.0,3837.0
6011.0,5258.0
8145.0,12012.0
7526.0,16266.0
4329.0,15022.0
647.0,10079.0
1973.0,0.0
3946.0,0.0
5364.0,0.0
5449.0,0.0
4741.0,1563.0
5054.0,3585.0
6368.0,4615.0
8282.0,4972.0
7370.0,6129.0
3872.0,6431.0
610.0,6546.0
1902.0,4629.0
3840.0,1006.0
5286.0,309.0
5440.0,0.0
4413.0,2052.0
4628.0,4025.0
5832.0,6906.0
7963.0,12701.0
7529.0,15653.0
4450.0,15222.0
686.0,8393.0
1568.0,1.0
3486.0,0.0
4919.0,0.0
5339.0,0.0
4294.0,1560.0
4728.0,3789.0
5453.0,4554.0
7742.0,4341.0
7549.0,4075.0
4767.0,4734.0
717.0,5030.0
1632.0,4359.0
3588.0,2026.0
5130.0,1741.0
5574.0,1867.0
4366.0,3916.0
4494.0,5148.0
5250.0,6024.0
7632.0,8941.0
7607.0,11970.0
5060.0,14346.0
1174.0,10327.0
1751.0,1205.0
3748.0,0.0
5228.0,0.0
5587.0,0.0
4534.0,1941.0
4980.0,4324.0
5772.0,5146.0
8076.0,4620.0
7809.0,6721.0
4906.0,8873.0
991.0,9408.0
1920.0,6180.0
3984.0,1069.0
5367.0,0.0
5523.0,0.0
4347.0,1930.0
5028.0,4241.0
6015.0,5227.0
8355.0,8765.0
7848.0,12952.0
4671.0,14443.0
673.0,11027.0
1855.0,1926.0
3829.0,0.0
5254.0,0.0
5477.0,0.0
4496.0,1027.0
4939.0,3315.0
5871.0,4192.0
8066.0,4675.0
7649.0,7155.0
4548.0,7835.0
833.0,8344.0
1609.0,5474.0
3565.0,258.0
5081.0,0.0
5523.0,0.0
4479.0,2368.0
4710.0,4703.0
5434.0,5530.0
7677.0,9778.0
7522.0,13167.0
4762.0,15351.0
1013.0,10919.0
1672.0,585.0
3683.0,0.0
5190.0,0.0
5629.0,0.0
4654.0,1518.0
4783.0,3772.0
5626.0,4591.0
7821.0,4491.0
7662.0,5185.0
4927.0,6774.0
1444.0,7789.0
1928.0,6503.0
3984.0,2407.0
5424.0,548.0
5626.0,0.0
4733.0,2801.0
5222.0,4998.0
6331.0,5919.0
8486.0,11803.0
7917.0,15297.0
4720.0,16062.0
974.0,11170.0
2212.0,50.0
4148.0,0.0
5502.0,0.0
5436.0,0.0
4619.0,1678.0
4748.0,3725.0
5933.0,4648.0
8049.0,4527.0
7661.0,4692.0
4688.0,5009.0
1219.0,5972.0
1994.0,5238.0
3924.0,2748.0
5399.0,1185.0
5555.0,300.0
4729.0,2811.0
4709.0,4860.0
5829.0,6514.0
8005.0,12071.0
7689.0,15490.0
4686.0,15826.0
1074.0,10423.0
1690.0,0.0
3696.0,0.0
5205.0,0.0
5588.0,0.0
4825.0,1688.0
4778.0,3845.0
5642.0,4688.0
7751.0,4451.0
7618.0,4708.0
4753.0,3931.0
1434.0,5003.0
1715.0,3804.0
3743.0,2253.0
5317.0,2300.0
5694.0,2533.0
4896.0,4409.0
5094.0,5218.0
6038.0,6486.0
8174.0,10629.0
7828.0,13809.0
4791.0,15682.0
1315.0,10898.0
2027.0,2058.0
4087.0,0.0
5621.0,0.0
5784.0,0.0
4978.0,1566.0
5124.0,3657.0
6526.0,4774.0
8609.0,4936.0
7900.0,5896.0
4513.0,6618.0
1069.0,7517.0
2393.0,6343.0
4370.0,2430.0
5876.0,0.0
5690.0,0.0
4945.0,3001.0
4598.0,4733.0
6234.0,6685.0
8252.0,11931.0
7769.0,15522.0
4581.0,16102.0
1332.0,10493.0
2068.0,855.0
4082.0,0.0
5544.0,0.0
5684.0,0.0
4857.0,2351.0
4604.0,4190.0
5902.0,5062.0
7976.0,4192.0
7674.0,3344.0
4699.0,3958.0
1629.0,5290.0
1825.0,5011.0
3801.0,3494.0
5305.0,1223.0
5604.0,154.0
4852.0,2697.0
4537.0,4904.0
5323.0,6764.0
7417.0,11754.0
7573.0,14988.0
5200.0,16288.0
2202.0,11676.0
1920.0,1982.0
3928.0,0.0
5426.0,0.0
5680.0,0.0
5016.0,2087.0
5046.0,4289.0
6115.0,5214.0
8227.0,4716.0
7919.0,3759.0
4959.0,3960.0
1673.0,5352.0
2270.0,5336.0
4283.0,4059.0
5849.0,1917.0
5817.0,863.0
5328.0,2927.0
5332.0,4966.0
6858.0,9026.0
8627.0,14592.0
7723.0,16877.0
4067.0,15546.0
1447.0,7989.0
2414.0,1282.0
4429.0,0.0
5910.0,0.0
5747.0,0.0
5107.0,2093.0
4986.0,4057.0
6492.0,5140.0
8329.0,4761.0
7666.0,4418.0
4240.0,4036.0
1459.0,5370.0
2011.0,5027.0
4034.0,3621.0
5506.0,1478.0
5712.0,104.0
5077.0,2095.0
5024.0,4373.0
6024.0,7749.0
7968.0,13546.0
7565.0,17106.0
4499.0,15724.0
1648.0,8878.0
1868.0,1437.0
3860.0,0.0
5344.0,0.0
5632.0,0.0
5515.0,1819.0
5522.0,4364.0
6311.0,5274.0
7990.0,5012.0
7433.0,4778.0
4248.0,3373.0
2112.0,5195.0
2053.0,4490.0
4109.0,3854.0
5559.0,2373.0
5980.0,1290.0
5717.0,2102.0
6070.0,5399.0
6920.0,10367.0
8517.0,15751.0
7402.0,17292.0
4210.0,14067.0
1637.0,7944.0
2466.0,2401.0
4557.0,0.0
5974.0,0.0
6059.0,0.0
5528.0,2328.0
5531.0,4448.0
6719.0,5434.0
8265.0,4757.0
7259.0,3882.0
4157.0,3037.0
1773.0,4584.0
2342.0,4498.0
4409.0,4234.0
5875.0,2533.0
5970.0,1382.0
5494.0,2927.0
5384.0,5234.0
6723.0,10148.0
8303.0,14688.0
7365.0,16115.0
4082.0,14797.0
1641.0,7427.0
2101.0,1927.0
4083.0,0.0
5466.0,0.0
5642.0,0.0
5485.0,1939.0
5449.0,4186.0
6434.0,5064.0
8060.0,4662.0
7264.0,3593.0
4220.0,2848.0
1806.0,4283.0
2082.0,4621.0
4078.0,4456.0
5491.0,3043.0
5765.0,868.0
5599.0,2543.0
5638.0,5005.0
6591.0,9889.0
8187.0,14930.0
7455.0,16933.0
4413.0,15217.0
2177.0,8325.0
2484.0,2748.0
4524.0,0.0
5950.0,0.0
5959.0,0.0
5676.0,2273.0
5780.0,4466.0
7141.0,5600.0
8766.0,5802.0
7677.0,5412.0
4092.0,4677.0
1545.0,5382.0
2610.0,4272.0
4700.0,2495.0
6160.0,2109.0
6300.0,910.0
5864.0,2812.0
5784.0,6390.0
7147.0,11772.0
8422.0,16360.0
7066.0,17261.0
4056.0,13144.0
1686.0,7942.0
2547.0,2235.0
4601.0,0.0
6001.0,0.0
6060.0,0.0
5525.0,1955.0
5442.0,3815.0
6803.0,4859.0
8246.0,4604.0
7125.0,3233.0
4156.0,2231.0
1616.0,3727.0
2147.0,4829.0
4116.0,5304.0
5489.0,4428.0
5738.0,1496.0
5562.0,2367.0
5651.0,4876.0
6453.0,8205.0
8085.0,12968.0
7288.0,15880.0
4289.0,14896.0
1988.0,8944.0
2335.0,3159.0
4379.0,0.0
5845.0,0.0
6264.0,0.0
5879.0,1862.0
5746.0,4002.0
6858.0,5087.0
8187.0,8030.0
7075.0,7437.0
4533.0,5771.0
2190.0,4838.0
2809.0,2655.0
4895.0,3072.0
6316.0,2699.0
6559.0,2201.0
6097.0,4136.0
5872.0,6432.0
7255.0,11197.0
8406.0,13700.0
6893.0,14739.0
4382.0,13439.0
1798.0,8162.0
2785.0,3170.0
4854.0,0.0
6255.0,0.0
6365.0,0.0
6083.0,3143.0
5628.0,5056.0
7052.0,6345.0
8266.0,5846.0
6907.0,3949.0
4196.0,4256.0
1976.0,5316.0
2532.0,4951.0
4598.0,3575.0
6010.0,1742.0
6195.0,0.0
5822.0,1404.0
5599.0,5803.0
6849.0,11066.0
8129.0,15842.0
6893.0,18043.0
4015.0,11698.0
1789.0,8247.0
2215.0,3170.0
4391.0,0.0
5942.0,0.0
6518.0,0.0
6045.0,2945.0
5779.0,5187.0
6741.0,6376.0
7961.0,5185.0
6810.0,2866.0
4158.0,1963.0
2077.0,3960.0
2433.0,4420.0
4660.0,5200.0
6324.0,4317.0
6792.0,2571.0
6267.0,2511.0
6072.0,6133.0
7337.0,10652.0
8468.0,15239.0
6906.0,16412.0
3996.0,11995.0
1711.0,8569.0
2797.0,3047.0
5116.0,0.0
6829.0,0.0
7239.0,334.0
6332.0,3795.0
5822.0,5397.0
7441.0,6485.0
8377.0,7963.0
6534.0,5239.0
3937.0,5795.0
1624.0,3841.0
2633.0,2604.0
4874.0,2540.0
6526.0,2230.0
7127.0,1182.0
6434.0,2587.0
6023.0,6842.0
7210.0,12322.0
8034.0,16441.0
6162.0,16572.0
4015.0,10765.0
1650.0,8256.0
2434.0,2432.0
4651.0,0.0
6270.0,0.0
6939.0,0.0
6170.0,2817.0
5904.0,4745.0
6917.0,5913.0
8004.0,6099.0
6448.0,4073.0
4205.0,3126.0
1779.0,3590.0
2497.0,3205.0
4677.0,2952.0
6217.0,2642.0
6770.0,1984.0
6128.0,4367.0
5902.0,9821.0
6881.0,14908.0
7995.0,15344.0
6635.0,13743.0
4347.0,8153.0
2221.0,8870.0
2900.0,4711.0
5201.0,0.0
6714.0,0.0
7097.0,412.0
6249.0,3832.0
6258.0,5532.0
7753.0,6520.0
8712.0,6086.0
6681.0,3217.0
4061.0,5193.0
1649.0,5210.0
3128.0,4709.0
5442.0,2951.0
6922.0,1284.0
7137.0,505.0
6022.0,5892.0
5896.0,11025.0
7620.0,15299.0
8478.0,15223.0
6419.0,12903.0
4054.0,8879.0
1656.0,8224.0
2985.0,3153.0
5223.0,0.0
6743.0,0.0
6814.0,1135.0
5768.0,4369.0
5573.0,5772.0
7386.0,5881.0
8571.0,3438.0
6884.0,1399.0
4023.0,3558.0
1459.0,4792.0
2692.0,5217.0
4939.0,4555.0
6531.0,2889.0
6832.0,1409.0
5847.0,4374.0
5559.0,7826.0
7012.0,11655.0
8316.0,15026.0
6945.0,14560.0
4224.0,11623.0
1723.0,8183.0
2851.0,2223.0
5151.0,0.0
6697.0,0.0
7114.0,1384.0
6061.0,4605.0
5898.0,6100.0
7448.0,6092.0
8455.0,6785.0
6748.0,4785.0
4359.0,6112.0
1870.0,4146.0
3216.0,3334.0
5598.0,3297.0
7066.0,2523.0
7153.0,2442.0
5899.0,5147.0
5910.0,8352.0
7864.0,12224.0
8980.0,14758.0
6997.0,15824.0
4066.0,12778.0
1404.0,7989.0
3320.0,2056.0
5627.0,0.0
7108.0,0.0
7123.0,1245.0
6018.0,4490.0
5798.0,5673.0
7833.0,5827.0
8763.0,4633.0
6739.0,2477.0
3983.0,4557.0
1526.0,4571.0
3074.0,4111.0
5329.0,2748.0
6841.0,1802.0
6864.0,1527.0
5869.0,6476.0
5885.0,11442.0
7760.0,15656.0
8827.0,15928.0
6861.0,14807.0
3777.0,9780.0
1290.0,7763.0
2992.0,1271.0
5356.0,0.0
6966.0,0.0
6880.0,1189.0
5616.0,4417.0
5405.0,5616.0
7529.0,5663.0
8840.0,3106.0
7247.0,990.0
3919.0,2804.0
1402.0,4036.0
3196.0,5082.0
5622.0,5482.0
7168.0,4719.0
7080.0,4785.0
5618.0,6942.0
5830.0,9294.0
7990.0,10665.0
9331.0,12331.0
7411.0,14224.0
3999.0,11945.0
1365.0,7972.0
3364.0,1465.0
5730.0,0.0
7180.0,0.0
7159.0,773.0
5930.0,4034.0
6268.0,5319.0
8310.0,8908.0
9256.0,10471.0
6895.0,7928.0
3894.0,7631.0
1363.0,3122.0
3598.0,3985.0
5902.0,2820.0
7248.0,1511.0
6889.0,2436.0
5655.0,5654.0
5678.0,6735.0
7923.0,8027.0
8974.0,10019.0
6941.0,13773.0
3935.0,14592.0
1572.0,8300.0
3410.0,2646.0
5757.0,0.0
7224.0,0.0
6818.0,1285.0
5350.0,4338.0
5292.0,5256.0
7710.0,7769.0
8921.0,8996.0
7151.0,7789.0
3908.0,6973.0
1418.0,2411.0
3436.0,3177.0
5891.0,2906.0
7433.0,2296.0
7070.0,4559.0
5389.0,6944.0
5026.0,7648.0
7740.0,6903.0
8943.0,7743.0
7237.0,13724.0
3971.0,15023.0
1760.0,8905.0
3462.0,3028.0
5952.0,0.0
7564.0,0.0
7378.0,1860.0
5799.0,5022.0
5654.0,5848.0
8326.0,8793.0
9410.0,9512.0
7244.0,8434.0
3969.0,7990.0
1406.0,3265.0
3614.0,4129.0
6018.0,2961.0
7518.0,1594.0
7226.0,2970.0
5920.0,6336.0
5960.0,7510.0
8363.0,7402.0
9373.0,9489.0
7108.0,13516.0
3749.0,15212.0
1272.0,8778.0
3585.0,1438.0
6026.0,0.0
7586.0,0.0
7294.0,811.0
5801.0,4016.0
5480.0,4844.0
8063.0,9957.0
9180.0,11602.0
7145.0,9835.0
3888.0,7590.0
1289.0,2909.0
3357.0,3602.0
5770.0,2549.0
7373.0,1422.0
7276.0,3706.0
5852.0,6787.0
5661.0,7646.0
8062.0,5277.0
9136.0,6712.0
6970.0,12002.0
3765.0,14087.0
1033.0,9353.0
3321.0,211.0
5765.0,0.0
7474.0,0.0
7409.0,1403.0
5915.0,4579.0
5692.0,9124.0
8057.0,13653.0
9216.0,13070.0
7131.0,9820.0
3991.0,4431.0
1323.0,3281.0
3328.0,4050.0
5791.0,2770.0
7475.0,1410.0
7395.0,3069.0
6166.0,6486.0
6304.0,7801.0
8689.0,6249.0
9877.0,6570.0
7567.0,11098.0
3701.0,12442.0
987.0,9939.0
3489.0,1572.0
5976.0,1186.0
7647.0,294.0
7699.0,635.0
6461.0,5133.0
6362.0,10086.0
8607.0,15797.0
9487.0,14858.0
7002.0,9155.0
3873.0,2945.0
1134.0,3117.0
3451.0,3833.0
5891.0,2345.0
7524.0,1115.0
7376.0,2068.0
6095.0,5419.0
5912.0,6516.0
8316.0,5928.0
9402.0,7112.0
7161.0,10502.0
3921.0,12331.0
1171.0,9991.0
3322.0,1802.0
5625.0,1597.0
7214.0,714.0
7028.0,1376.0
6052.0,4717.0
5759.0,8758.0
8092.0,13362.0
9320.0,13667.0
7448.0,10049.0
4096.0,5173.0
1433.0,2861.0
3344.0,3506.0
5695.0,2514.0
7298.0,1524.0
7382.0,2044.0
6387.0,5420.0
6130.0,6701.0
8371.0,6138.0
9478.0,7580.0
7296.0,10856.0
4293.0,12665.0
1685.0,11018.0
3794.0,2539.0
6084.0,1927.0
7598.0,594.0
7511.0,2037.0
6704.0,5475.0
6448.0,10059.0
8727.0,14415.0
9546.0,13222.0
6927.0,9406.0
4221.0,4603.0
1507.0,3798.0
3882.0,4365.0
6181.0,2430.0
7706.0,596.0
7496.0,2411.0
6526.0,5799.0
5926.0,6741.0
8265.0,5826.0
9219.0,6738.0
6931.0,10287.0
4446.0,13383.0
1829.0,10941.0
3517.0,2857.0
5880.0,0.0
7430.0,0.0
7305.0,1927.0
6367.0,6486.0
5785.0,11328.0
8157.0,15450.0
9268.0,13071.0
7218.0,8348.0
4383.0,1903.0
1620.0,2454.0
3318.0,3005.0
5525.0,2364.0
7069.0,1758.0
7153.0,2036.0
6536.0,4942.0
5918.0,6257.0
8011.0,6108.0
9010.0,7669.0
7041.0,10224.0
4550.0,13043.0
2179.0,11594.0
3688.0,3613.0
5942.0,1289.0
7505.0,74.0
7253.0,2418.0
6481.0,5712.0
5791.0,10328.0
8471.0,14225.0
9491.0,12836.0
7408.0,9805.0
4489.0,3892.0
2223.0,2846.0
4287.0,3582.0
6556.0,3050.0
7807.0,2182.0
7344.0,3509.0
6438.0,6436.0
6284.0,7387.0
8969.0,5870.0
9734.0,7248.0
7079.0,11402.0
4166.0,13825.0
1767.0,10760.0
4336.0,1958.0
6595.0,244.0
7821.0,0.0
7319.0,2484.0
6272.0,6138.0
6252.0,11322.0
8706.0,15301.0
9459.0,12770.0
6811.0,8531.0
4233.0,2944.0
1522.0,3298.0
3821.0,3912.0
6120.0,2344.0
7654.0,962.0
7362.0,3645.0
6263.0,6636.0
5733.0,7280.0
8297.0,5015.0
9347.0,5352.0
7097.0,10658.0
4424.0,12642.0
1378.0,10372.0
3510.0,2038.0
5786.0,1906.0
7400.0,1048.0
7317.0,2429.0
6383.0,5834.0
5798.0,9679.0
8100.0,13273.0
9338.0,12687.0
7424.0,9752.0
4710.0,4428.0
1883.0,2831.0
3785.0,3426.0
6109.0,2684.0
7761.0,1792.0
7651.0,3609.0
6753.0,6860.0
6342.0,7772.0
8935.0,6297.0
10074.0,7990.0
7605.0,13188.0
4553.0,13980.0
1480.0,10489.0
4232.0,1682.0
6578.0,438.0
7987.0,0.0
7698.0,2741.0
6710.0,6605.0
6426.0,11930.0
8938.0,15793.0
9727.0,12771.0
6900.0,8622.0
4474.0,2059.0
1683.0,2451.0
4177.0,3242.0
6484.0,2769.0
7904.0,2338.0
7417.0,3837.0
6410.0,6410.0
5985.0,7184.0
8686.0,5652.0
9619.0,6444.0
7181.0,10863.0
4432.0,13493.0
1622.0,10861.0
3667.0,2442.0
5969.0,1045.0
7441.0,0.0
7333.0,1682.0
6643.0,5570.0
6337.0,10924.0
8486.0,15508.0
9534.0,14098.0
7259.0,9356.0
4432.0,2524.0
1582.0,2564.0
3498.0,3177.0
5824.0,2431.0
7396.0,1792.0
7495.0,2139.0
6945.0,5490.0
6787.0,7013.0
8801.0,7165.0
9833.0,10027.0
7382.0,12729.0
4492.0,14086.0
1590.0,10607.0
3946.0,1627.0
6309.0,408.0
7852.0,0.0
7787.0,2090.0
6965.0,6229.0
6754.0,11706.0
9167.0,16189.0
10106.0,13878.0
7384.0,9143.0
4499.0,3116.0
1600.0,3345.0
4258.0,4186.0
6500.0,2704.0
7904.0,1396.0
7573.0,2203.0
6816.0,5799.0
6390.0,6818.0
8853.0,6217.0
9713.0,8361.0
7170.0,11604.0
4620.0,14699.0
1958.0,11434.0
3940.0,2548.0
6209.0,0.0
7566.0,0.0
7318.0,1511.0
6607.0,5354.0
6449.0,10977.0
8689.0,16012.0
9630.0,14556.0
7263.0,9527.0
4753.0,2160.0
2241.0,2866.0
4029.0,3673.0
6294.0,3403.0
7655.0,2517.0
7163.0,2811.0
6337.0,5886.0
5789.0,6972.0
8262.0,6096.0
9405.0,4839.0
7497.0,8658.0
4865.0,12716.0
2407.0,12500.0
4123.0,6499.0
6448.0,1845.0
7852.0,221.0
7497.0,2688.0
6697.0,6305.0
6303.0,10612.0
8837.0,14588.0
9786.0,13560.0
7456.0,9881.0
4799.0,4691.0
2547.0,3464.0
4535.0,4299.0
6807.0,3558.0
8049.0,2127.0
7582.0,2351.0
6751.0,5714.0
6645.0,6677.0
9315.0,6119.0
10079.0,7962.0
7238.0,11170.0
4600.0,14892.0
2090.0,11681.0
4505.0,3376.0
6770.0,0.0
7997.0,0.0
7542.0,3348.0
6863.0,7128.0
6569.0,12715.0
9179.0,16248.0
9795.0,12894.0
6944.0,9121.0
4428.0,2377.0
2033.0,3083.0
4257.0,3947.0
6501.0,3239.0
7830.0,2229.0
7266.0,1111.0
6611.0,4738.0
6279.0,5823.0
8926.0,6427.0
9846.0,8141.0
7303.0,10410.0
4358.0,13880.0
1866.0,11611.0
4110.0,3931.0
6414.0,1471.0
7847.0,13.0
7477.0,2851.0
6716.0,6548.0
6363.0,11359.0
8876.0,15159.0
9779.0,13467.0
7397.0,10119.0
4511.0,4156.0
2119.0,2827.0
4263.0,3575.0
6533.0,3063.0
7969.0,2279.0
7708.0,1579.0
7230.0,4925.0
6869.0,6108.0
9438.0,6803.0
10170.0,10163.0
7296.0,12183.0
4531.0,14858.0
2122.0,12103.0
4595.0,2867.0
6808.0,604.0
7994.0,0.0
7492.0,3050.0
7116.0,6776.0
6900.0,11448.0
9696.0,15560.0
10352.0,13790.0
7402.0,10110.0
4306.0,5406.0
1876.0,3536.0
4500.0,4346.0
6651.0,2744.0
7858.0,1300.0
7533.0,547.0
7159.0,4350.0
6755.0,5507.0
9497.0,6942.0
10210.0,10370.0
7265.0,12428.0
4325.0,14599.0
1956.0,11909.0
4312.0,3158.0
6467.0,996.0
7777.0,0.0
7391.0,1902.0
7064.0,5732.0
6673.0,10042.0
9384.0,15152.0
10130.0,14959.0
7414.0,10246.0
4407.0,5312.0
1921.0,3088.0
4161.0,3901.0
6337.0,2905.0
7661.0,1864.0
7306.0,853.0
7041.0,4813.0
6516.0,6274.0
9025.0,7290.0
9953.0,8363.0
7749.0,10204.0
4900.0,14091.0
2820.0,13777.0
4416.0,6589.0
6586.0,2820.0
7698.0,73.0
7252.0,1726.0
6954.0,5770.0
6824.0,7926.0
9535.0,13390.0
10486.0,14026.0
8200.0,11155.0
4828.0,7964.0
2654.0,2622.0
4504.0,3545.0
6507.0,3605.0
7499.0,3066.0
7548.0,1164.0
7332.0,4107.0
7096.0,5646.0
9625.0,7679.0
10247.0,10321.0
7643.0,12623.0
4764.0,15642.0
2775.0,13873.0
4643.0,6028.0
6607.0,0.0
7479.0,0.0
7356.0,370.0
6876.0,4338.0
6440.0,6181.0
9245.0,12937.0
10089.0,14887.0
7733.0,11702.0
4724.0,7603.0
2882.0,2994.0
4544.0,3927.0
6532.0,3946.0
7577.0,3044.0
7230.0,1844.0
6712.0,5062.0
6214.0,6355.0
9084.0,7170.0
10112.0,6995.0
7991.0,9488.0
4819.0,14020.0
2793.0,14100.0
4365.0,7621.0
6424.0,441.0
7566.0,0.0
7250.0,1521.0
7076.0,5655.0
6732.0,8259.0
9401.0,14023.0
10323.0,14897.0
8085.0,11261.0
4920.0,8629.0
3095.0,4118.0
4565.0,5083.0
6619.0,4233.0
7644.0,2276.0
7542.0,129.0
7332.0,4341.0
7082.0,6007.0
9861.0,8150.0
10566.0,8731.0
8043.0,11107.0
4714.0,14274.0
2766.0,14448.0
4672.0,8080.0
6675.0,1390.0
7699.0,0.0
7506.0,0.0
7162.0,3822.0
6757.0,5369.0
9557.0,12742.0
10295.0,15395.0
7976.0,13223.0
4813.0,9053.0
3092.0,3449.0
4557.0,4381.0
6495.0,3988.0
7382.0,2658.0
7333.0,0.0
7060.0,4042.0
6871.0,5682.0
9564.0,7774.0
10489.0,10085.0
8103.0,12846.0
4754.0,15641.0
2718.0,14249.0
4451.0,6362.0
6449.0,0.0
7436.0,0.0
7219.0,0.0
6866.0,3642.0
6696.0,5223.0
9321.0,11882.0
10405.0,14731.0
8303.0,13095.0
4912.0,9621.0
2795.0,3451.0
4476.0,4473.0
6517.0,3959.0
7524.0,2713.0
7427.0,621.0
7252.0,4977.0
7318.0,6925.0
9813.0,8479.0
10724.0,10792.0
8214.0,12431.0
4752.0,16790.0
2689.0,14447.0
4525.0,5585.0
6683.0,0.0
7717.0,0.0
7639.0,0.0
7520.0,3625.0
7630.0,6449.0
10098.0,14104.0
10850.0,17077.0
8047.0,13672.0
4596.0,8115.0
2569.0,2998.0
4756.0,4013.0
6873.0,3718.0
7891.0,2911.0
7706.0,522.0
7379.0,3876.0
7223.0,5507.0
9987.0,7773.0
10669.0,10566.0
7909.0,13293.0
4605.0,15736.0
2652.0,14047.0
4529.0,6079.0
6656.0,205.0
7758.0,0.0
7525.0,0.0
7292.0,3990.0
6794.0,6751.0
9484.0,14058.0
10286.0,16462.0
7889.0,12747.0
4716.0,6789.0
2817.0,2659.0
4230.0,3572.0
6364.0,3867.0
7528.0,3374.0
7452.0,1501.0
7511.0,3203.0
7251.0,5351.0
9513.0,7505.0
10342.0,9580.0
8067.0,12641.0
4926.0,14752.0
3150.0,14926.0
4450.0,8265.0
6540.0,481.0
7603.0,0.0
7679.0,0.0
7767.0,3512.0
7725.0,6904.0
10108.0,14636.0
10877.0,17747.0
8233.0,13934.0
4921.0,9063.0
3020.0,4680.0
4850.0,5763.0
6980.0,4264.0
7947.0,1839.0
7949.0,0.0
7616.0,3947.0
7380.0,5696.0
9988.0,7985.0
10572.0,8493.0
7859.0,10961.0
4804.0,13548.0
3004.0,14469.0
4706.0,9008.0
6825.0,739.0
7851.0,0.0
7731.0,0.0
7383.0,3874.0
7246.0,6771.0
9832.0,14227.0
10597.0,16800.0
8038.0,13185.0
4848.0,9351.0
2684.0,4942.0
4301.0,5739.0
6382.0,3530.0
7421.0,775.0
7620.0,0.0
7622.0,3367.0
7613.0,5583.0
9731.0,7690.0
10580.0,9841.0
8035.0,12663.0
4787.0,14664.0
2530.0,13895.0
4111.0,6899.0
6274.0,598.0
7467.0,0.0
7719.0,0.0
7997.0,2829.0
7959.0,7565.0
9806.0,15221.0
10497.0,18950.0
7950.0,14363.0
5009.0,7163.0
3251.0,4423.0
4533.0,5500.0
6727.0,4580.0
7774.0,2407.0
7848.0,0.0
7866.0,3292.0
8114.0,5704.0
10326.0,8119.0
11015.0,9535.0
8218.0,12374.0
4933.0,14370.0
3015.0,15097.0
4968.0,9269.0
7106.0,1929.0
8033.0,0.0
8107.0,0.0
7778.0,3638.0
7646.0,6086.0
10167.0,13989.0
10744.0,17037.0
7965.0,13876.0
4860.0,8807.0
3136.0,4012.0
4500.0,5038.0
6623.0,4254.0
7627.0,2453.0
7893.0,0.0
7824.0,3080.0
7902.0,5336.0
10001.0,7510.0
10769.0,10988.0
8060.0,14072.0
4988.0,15910.0
2796.0,14471.0
4158.0,6588.0
6239.0,0.0
7275.0,0.0
7534.0,0.0
7680.0,2766.0
7732.0,5879.0
9587.0,13305.0
10465.0,17132.0
8238.0,14567.0
5167.0,8383.0
3226.0,3614.0
4209.0,4644.0
6332.0,4446.0
7406.0,3074.0
7639.0,96.0
7782.0,2981.0
8004.0,5704.0
9793.0,7848.0
10835.0,10416.0
8655.0,13762.0
5396.0,15621.0
3328.0,15793.0
4711.0,8755.0
6944.0,243.0
7956.0,0.0
8377.0,0.0
8154.0,3710.0
8424.0,8140.0
10361.0,15964.0
10950.0,18739.0
8092.0,13347.0
5346.0,7003.0
3027.0,4088.0
4822.0,5267.0
6950.0,4375.0
7846.0,2625.0
8361.0,0.0
8056.0,3762.0
8112.0,5877.0
10157.0,8145.0
10607.0,10251.0
7753.0,12442.0
5324.0,14886.0
3254.0,14760.0
4476.0,8378.0
6515.0,0.0
7407.0,0.0
7968.0,0.0
7887.0,2563.0
8061.0,7227.0
9859.0,14694.0
10645.0,18512.0
8022.0,14215.0
5386.0,6811.0
2960.0,4193.0
4352.0,5216.0
6397.0,4058.0
7366.0,2134.0
8100.0,0.0
8048.0,3727.0
8243.0,6223.0
9704.0,8205.0
10441.0,10505.0
7915.0,12557.0
5583.0,15044.0
3200.0,14617.0
4390.0,7868.0
6589.0,0.0
7737.0,0.0
8451.0,0.0
8404.0,3413.0
8522.0,9438.0
10179.0,17137.0
10812.0,19445.0
7987.0,13378.0
5738.0,5867.0
3223.0,5139.0
4815.0,6250.0
7041.0,4525.0
8104.0,1738.0
8598.0,367.0
8141.0,4937.0
7944.0,6852.0
10084.0,8539.0
10756.0,8300.0
8059.0,9817.0
5623.0,13971.0
3164.0,14869.0
4791.0,9499.0
6957.0,923.0
7940.0,0.0
8616.0,11.0
8232.0,4524.0
8154.0,9657.0
10211.0,17432.0
10655.0,19037.0
7564.0,11885.0
5432.0,6063.0
3096.0,5172.0
4549.0,6237.0
6688.0,4284.0
7714.0,1426.0
8293.0,0.0
8054.0,3294.0
8158.0,5383.0
10028.0,7379.0
10729.0,9440.0
7970.0,12372.0
5508.0,14454.0
2926.0,14417.0
4368.0,8203.0
6486.0,0.0
7609.0,0.0
8244.0,0.0
8242.0,4592.0
8212.0,9642.0
9971.0,17235.0
10781.0,19234.0
8317.0,12752.0
5709.0,7963.0
3290.0,5433.0
4508.0,6438.0
6595.0,4285.0
7659.0,1158.0
8200.0,0.0
8314.0,2781.0
8643.0,5437.0
10526.0,7615.0
11492.0,10064.0
8900.0,13917.0
5599.0,15340.0
3075.0,15713.0
4875.0,9139.0
7013.0,1325.0
7863.0,0.0
8474.0,0.0
8209.0,4235.0
8539.0,7358.0
10694.0,15434.0
11385.0,18089.0
8357.0,13751.0
5503.0,9382.0
3093.0,4891.0
4793.0,6134.0
6919.0,4566.0
7743.0,2065.0
8062.0,0.0
7672.0,3060.0
8178.0,5256.0
10397.0,7294.0
11332.0,9479.0
8671.0,13289.0
5529.0,14885.0
2813.0,14887.0
4508.0,8353.0
6676.0,0.0
7657.0,0.0
7684.0,0.0
7423.0,4188.0
7782.0,7167.0
9861.0,14540.0
11201.0,17332.0
9182.0,14231.0
5741.0,11054.0
3103.0,5217.0
4593.0,6297.0
6822.0,4355.0
7917.0,1489.0
7999.0,0.0
7710.0,3646.0
7868.0,5788.0
10206.0,7725.0
11479.0,9005.0
9275.0,12947.0
5990.0,15560.0
3263.0,16359.0
4888.0,9582.0
7066.0,159.0
8081.0,0.0
8206.0,1109.0
7837.0,5621.0
7945.0,7493.0
10775.0,13954.0
12011.0,15647.0
9571.0,13343.0
5801.0,13130.0
2966.0,5848.0
5064.0,6050.0
7194.0,3243.0
8063.0,0.0
7970.0,1266.0
7452.0,5714.0
7367.0,7480.0
10438.0,8394.0
11747.0,8562.0
9670.0,11558.0
5832.0,16903.0
3321.0,16927.0
5028.0,8926.0
7119.0,791.0
7972.0,0.0
8051.0,1333.0
7479.0,5683.0
7362.0,7302.0
10351.0,11542.0
11594.0,13047.0
9258.0,10282.0
5688.0,10590.0
3107.0,5546.0
4926.0,5003.0
7074.0,4286.0
8066.0,2723.0
8002.0,1714.0
7541.0,6069.0
7374.0,7723.0
10261.0,8051.0
11463.0,10790.0
9149.0,13981.0
5742.0,19143.0
3152.0,15978.0
5029.0,5421.0
7273.0,0.0
8337.0,0.0
8079.0,2049.0
7481.0,6280.0
7179.0,7632.0
10359.0,10514.0
11616.0,11375.0
9405.0,9707.0
5856.0,11322.0
3363.0,7160.0
5358.0,5862.0
7560.0,4530.0
8547.0,2213.0
8354.0,3080.0
7653.0,7319.0
7669.0,8557.0
11033.0,9049.0
12103.0,11157.0
9277.0,16047.0
5593.0,19835.0
2838.0,14293.0
5573.0,3498.0
7768.0,0.0
8548.0,0.0
8320.0,2400.0
7458.0,6341.0
7526.0,7492.0
10797.0,10953.0
11794.0,11703.0
9017.0,10095.0
5670.0,11288.0
3011.0,5818.0
5382.0,5791.0
7552.0,3989.0
8451.0,1719.0
8098.0,3639.0
7290.0,7673.0
7020.0,8820.0
10436.0,7739.0
11665.0,9084.0
9251.0,14823.0
5656.0,19508.0
3123.0,15537.0
5309.0,4510.0
7527.0,0.0
8557.0,0.0
7989.0,2179.0
7247.0,6264.0
6904.0,7452.0
10423.0,10228.0
11681.0,11259.0
9463.0,9873.0
5710.0,11171.0
3336.0,6741.0
5442.0,5481.0
7750.0,4388.0
8700.0,2417.0
8161.0,3771.0
7476.0,7803.0
7542.0,9118.0
11097.0,8942.0
12199.0,10949.0
9491.0,16569.0
5626.0,20566.0
3337.0,15086.0
5675.0,4020.0
7962.0,0.0
8719.0,0.0
8171.0,2183.0
7253.0,5898.0
7728.0,7253.0
11213.0,10741.0
12211.0,12310.0
9354.0,10096.0
5578.0,10863.0
3353.0,5694.0
5801.0,5071.0
8062.0,4242.0
8702.0,2804.0
7876.0,4508.0
6721.0,8070.0
7223.0,9356.0
10798.0,7108.0
12044.0,9009.0
9555.0,15615.0
5560.0,20869.0
3280.0,16468.0
5563.0,4428.0
7771.0,0.0
8553.0,0.0
7943.0,2225.0
7042.0,6058.0
7152.0,7290.0
10720.0,8939.0
11903.0,10255.0
9579.0,9017.0
5582.0,11131.0
3287.0,7698.0
5483.0,4918.0
7602.0,4368.0
8419.0,3050.0
7989.0,3508.0
7229.0,7524.0
7259.0,8789.0
10860.0,8488.0
12052.0,10773.0
9680.0,16632.0
5845.0,21164.0
3780.0,16315.0
5760.0,4488.0
7890.0,0.0
8448.0,0.0
7820.0,2519.0
6981.0,6301.0
7516.0,7679.0
11277.0,8520.0
12535.0,9805.0
10053.0,8717.0
5638.0,12324.0
3511.0,9300.0
6067.0,5402.0
8261.0,4238.0
8685.0,2535.0
7876.0,4413.0
6793.0,8014.0
7637.0,9537.0
11348.0,8103.0
12472.0,10410.0
9827.0,16766.0
5324.0,21642.0
3473.0,16440.0
5981.0,3471.0
8215.0,0.0
8706.0,0.0
7924.0,2162.0
6880.0,5766.0
7554.0,7249.0
11206.0,9038.0
12244.0,10815.0
9573.0,8814.0
5329.0,11465.0
3479.0,8131.0
5824.0,5300.0
8060.0,4399.0
8679.0,2733.0
7720.0,3702.0
6818.0,7416.0
7196.0,8906.0
10901.0,8512.0
12020.0,10199.0
9554.0,15665.0
5428.0,20303.0
3843.0,16507.0
5868.0,5580.0
8134.0,0.0
8815.0,0.0
7728.0,1871.0
6877.0,5697.0
7310.0,7239.0
11087.0,9458.0
12293.0,11450.0
9854.0,9326.0
5469.0,11812.0
4011.0,8738.0
6133.0,5705.0
8471.0,5022.0
9012.0,3103.0
8063.0,4043.0
7106.0,7813.0
8068.0,9437.0
11758.0,9610.0
12653.0,11160.0
9582.0,16797.0
5241.0,20558.0
3589.0,15168.0
6272.0,4583.0
8586.0,0.0
9018.0,0.0
7941.0,2080.0
6877.0,5657.0
7921.0,7292.0
11567.0,9676.0
12482.0,11623.0
9485.0,9217.0
5162.0,12387.0
3646.0,8603.0
6179.0,6283.0
8478.0,4596.0
8894.0,2080.0
7471.0,3631.0
6365.0,7057.0
7480.0,8619.0
11300.0,7988.0
12537.0,9853.0
9849.0,15452.0
5127.0,20256.0
3561.0,16413.0
6111.0,5173.0
8484.0,0.0
8880.0,0.0
7485.0,2803.0
6189.0,5960.0
7258.0,7495.0
11054.0,8435.0
12344.0,10160.0
9857.0,8998.0
5350.0,12645.0
3895.0,9646.0
6221.0,6548.0
8608.0,5051.0
9020.0,2390.0
7955.0,4484.0
6883.0,8002.0
8004.0,9684.0
11512.0,10089.0
12325.0,9684.0
9414.0,15393.0
5573.0,18913.0
4553.0,15442.0
6685.0,7394.0
9036.0,0.0
9059.0,0.0
7978.0,2729.0
6546.0,5924.0
8142.0,7708.0
11640.0,10324.0
12329.0,11803.0
9387.0,9473.0
5613.0,12580.0
4608.0,8787.0
6881.0,7133.0
9157.0,5067.0
8945.0,2009.0
7939.0,5223.0
6226.0,7895.0
8001.0,9459.0
11302.0,9368.0
11899.0,8716.0
8948.0,13749.0
5673.0,17145.0
4817.0,13983.0
6663.0,7626.0
8901.0,382.0
8805.0,0.0
7908.0,3548.0
6339.0,6161.0
8037.0,7728.0
11245.0,11004.0
11762.0,11908.0
8611.0,10885.0
5486.0,12243.0
4390.0,7103.0
6378.0,7433.0
8764.0,4252.0
8991.0,83.0
8098.0,5217.0
6741.0,8265.0
7814.0,9756.0
11016.0,11012.0
11500.0,9757.0
8593.0,14443.0
5612.0,16272.0
4898.0,12008.0
6571.0,8215.0
8977.0,1241.0
9134.0,0.0
8437.0,3226.0
7018.0,6532.0
8524.0,8332.0
11594.0,12533.0
11993.0,13002.0
8565.0,11257.0
5638.0,12278.0
4846.0,7044.0
7006.0,7840.0
9469.0,5096.0
9257.0,678.0
8519.0,4788.0
6762.0,7750.0
8903.0,9666.0
11745.0,12094.0
11776.0,11153.0
8058.0,14281.0
5646.0,15601.0
4793.0,10697.0
6938.0,7645.0
9228.0,1088.0
8983.0,0.0
8324.0,2977.0
6601.0,5827.0
8768.0,7689.0
11636.0,12658.0
11762.0,13632.0
8122.0,12409.0
5618.0,12931.0
4581.0,7910.0
6650.0,7405.0
8876.0,3385.0
8786.0,0.0
8079.0,4617.0
6599.0,7677.0
8224.0,9526.0
11255.0,9988.0
11610.0,9197.0
8435.0,12617.0
5683.0,16045.0
4817.0,13122.0
6664.0,7768.0
8915.0,1216.0
8807.0,0.0
8207.0,2671.0
6782.0,5754.0
8416.0,7650.0
11505.0,13178.0
11827.0,14522.0
8591.0,13034.0
5760.0,13456.0
5369.0,7846.0
7231.0,8023.0
9527.0,4615.0
9057.0,841.0
8213.0,5921.0
6319.0,8402.0
9095.0,9487.0
12160.0,8232.0
12377.0,6857.0
8630.0,13640.0
5611.0,17414.0
4850.0,14312.0
7474.0,7052.0
9713.0,0.0
9022.0,816.0
8149.0,5886.0
5955.0,8225.0
8866.0,9477.0
11790.0,11814.0
11972.0,10459.0
8425.0,13682.0
5654.0,13962.0
5091.0,7957.0
7333.0,7411.0
9549.0,3489.0
8807.0,214.0
7959.0,5176.0
5868.0,7441.0
8851.0,9263.0
11795.0,8103.0
11975.0,7499.0
8347.0,12675.0
5614.0,17119.0
4792.0,14773.0
7131.0,7089.0
9287.0,0.0
8737.0,0.0
8145.0,4677.0
6268.0,7146.0
8909.0,9291.0
11674.0,13577.0
11713.0,13181.0
8013.0,13923.0
5551.0,13287.0
5099.0,7622.0
7330.0,7123.0
9576.0,3324.0
8898.0,0.0
8271.0,4951.0
6267.0,7334.0
9265.0,9519.0
12043.0,8096.0
12051.0,7914.0
8185.0,13313.0
5689.0,18396.0
5290.0,16404.0
7816.0,7339.0
10060.0,0.0
9066.0,365.0
8307.0,5443.0
5952.0,7522.0
9680.0,10076.0
12478.0,13832.0
12392.0,13001.0
8176.0,14283.0
5553.0,12975.0
4808.0,6916.0
7768.0,6361.0
9968.0,2702.0
8898.0,663.0
8395.0,5644.0
6022.0,7580.0
9808.0,9229.0
12316.0,7393.0
11986.0,8513.0
7544.0,14639.0
5474.0,19223.0
4685.0,14855.0
7505.0,4336.0
9709.0,0.0
8888.0,684.0
8286.0,5586.0
6111.0,7655.0
9635.0,12338.0
12221.0,15839.0
11968.0,14658.0
7498.0,11291.0
5257.0,7143.0
4540.0,4862.0
7520.0,6170.0
9834.0,4378.0
9025.0,3544.0
7922.0,6148.0
5658.0,7829.0
9223.0,8406.0
12082.0,4972.0
12148.0,5642.0
8040.0,12884.0
5279.0,18268.0
4867.0,15703.0
7783.0,6912.0
10245.0,0.0
9359.0,3913.0
8089.0,8657.0
5704.0,10247.0
9784.0,11711.0
12626.0,12259.0
12587.0,14239.0
8336.0,13692.0
5339.0,9450.0
4899.0,6092.0
8042.0,6231.0
10336.0,3476.0
9239.0,1554.0
8455.0,6414.0
6255.0,8165.0
10433.0,8910.0
13010.0,5310.0
12423.0,8298.0
7471.0,15057.0
4816.0,19918.0
4748.0,14772.0
7912.0,4087.0
10191.0,0.0
9180.0,2316.0
8410.0,7364.0
6242.0,9459.0
10219.0,12560.0
12839.0,14464.0
12331.0,13866.0
7369.0,12644.0
4710.0,7890.0
4390.0,5164.0
7624.0,5578.0
9987.0,3614.0
9265.0,1068.0
8262.0,4988.0
6388.0,7207.0
9968.0,9393.0
12818.0,7205.0
12483.0,11065.0
7743.0,15882.0
4448.0,20190.0
4017.0,14118.0
7288.0,2452.0
9760.0,0.0
9416.0,0.0
8510.0,4988.0
6784.0,7509.0
9902.0,13223.0
12740.0,17502.0
12554.0,16818.0
7930.0,13034.0
4905.0,7955.0
4276.0,5159.0
7566.0,5678.0
9997.0,3578.0
9444.0,1021.0
8551.0,5087.0
6815.0,7510.0
10308.0,9764.0
13198.0,7511.0
12805.0,10915.0
7944.0,16051.0
4681.0,19734.0
4498.0,15070.0
7751.0,3977.0
10143.0,808.0
9426.0,0.0
8586.0,4908.0
6768.0,7474.0
10346.0,11884.0
13244.0,16431.0
12796.0,15888.0
7998.0,13956.0
4756.0,10088.0
4653.0,5076.0
7825.0,5533.0
10093.0,3800.0
9237.0,1406.0
8472.0,4307.0
6530.0,6715.0
10062.0,8951.0
12974.0,7458.0
12681.0,11313.0
8069.0,15799.0
4850.0,20562.0
4418.0,15269.0
7603.0,3661.0
9894.0,0.0
9164.0,316.0
8406.0,5497.0
6575.0,7843.0
9932.0,11345.0
12836.0,15073.0
12557.0,14137.0
7971.0,13251.0
4665.0,9871.0
4403.0,4824.0
7585.0,5358.0
9911.0,3578.0
9258.0,1497.0
8474.0,5391.0
6696.0,7788.0
10075.0,9893.0
12891.0,7376.0
12563.0,11492.0
7994.0,16949.0
4818.0,21178.0
4590.0,15177.0
7809.0,2697.0
10146.0,0.0
9340.0,0.0
8743.0,5019.0
7361.0,7359.0
11207.0,12506.0
13871.0,17149.0
12833.0,16654.0
7285.0,14526.0
4084.0,9058.0
4871.0,5748.0
8116.0,4916.0
10489.0,2589.0
9443.0,503.0
8840.0,5650.0
7091.0,7653.0
11271.0,9518.0
13839.0,8754.0
12613.0,14479.0
7041.0,19358.0
4061.0,21234.0
4785.0,11544.0
7990.0,2011.0
10292.0,0.0
9305.0,1327.0
8568.0,6493.0
6828.0,8537.0
10733.0,11744.0
13502.0,14665.0
12601.0,13301.0
7388.0,11926.0
4089.0,6968.0
4535.0,2995.0
7685.0,4555.0
9967.0,4728.0
9212.0,5519.0
8506.0,7797.0
6991.0,8748.0
10494.0,9705.0
13439.0,6146.0
12799.0,9499.0
7840.0,16506.0
4158.0,20639.0
4471.0,14275.0
7629.0,2561.0
9904.0,0.0
9202.0,435.0
8696.0,5723.0
7460.0,8353.0
10869.0,11543.0
13794.0,15417.0
12955.0,14049.0
7792.0,16767.0
4191.0,12795.0
4827.0,7603.0
7985.0,4957.0
10228.0,749.0
9267.0,39.0
8746.0,5288.0
7312.0,7630.0
11149.0,9849.0
13988.0,8168.0
12996.0,14319.0
7639.0,18823.0
4070.0,22172.0
5069.0,13528.0
8275.0,1579.0
10553.0,0.0
9390.0,1014.0
8729.0,6300.0
6776.0,8394.0
10903.0,10896.0
13667.0,14182.0
12809.0,12693.0
7647.0,13390.0
4302.0,9857.0
4771.0,4704.0
7912.0,5154.0
10194.0,3878.0
9266.0,3065.0
8841.0,6594.0
7307.0,9005.0
11078.0,9999.0
13820.0,8213.0
12719.0,13059.0
7349.0,19630.0
4070.0,21772.0
4576.0,11966.0
7665.0,0.0
9903.0,0.0
9132.0,0.0
8814.0,5267.0
7179.0,8002.0
10685.0,13094.0
13454.0,17429.0
12754.0,16403.0
7816.0,12366.0
4706.0,7523.0
4705.0,3702.0
7777.0,5435.0
9955.0,5194.0
9113.0,4111.0
8756.0,4167.0
7426.0,6968.0
10847.0,9240.0
13941.0,8163.0
13298.0,12433.0
8386.0,16527.0
4552.0,21074.0
4983.0,15891.0
8055.0,4258.0
10195.0,0.0
9177.0,0.0
8923.0,5377.0
7584.0,8342.0
11194.0,11104.0
14063.0,15566.0
13192.0,14325.0
7926.0,16261.0
4565.0,13533.0
5107.0,6957.0
8235.0,5578.0
10368.0,2359.0
9166.0,0.0
8616.0,3888.0
6932.0,6433.0
10774.0,8727.0
13814.0,7864.0
13220.0,14421.0
8307.0,18418.0
4690.0,23013.0
4757.0,15732.0
7870.0,2019.0
10052.0,0.0
9173.0,126.0
8400.0,5719.0
6716.0,8624.0
10197.0,10771.0
13447.0,12114.0
13305.0,10894.0
8851.0,13235.0
4782.0,13882.0
4598.0,8083.0
7674.0,5804.0
9890.0,3615.0
9111.0,442.0
8541.0,3111.0
7015.0,6355.0
10260.0,8763.0
13573.0,9466.0
13395.0,16121.0
9006.0,20193.0
5100.0,24461.0
4806.0,16409.0
7957.0,888.0
10155.0,0.0
9255.0,0.0
8894.0,5208.0
7608.0,8556.0
11136.0,11166.0
14286.0,12944.0
13617.0,11815.0
8527.0,13791.0
4635.0,14461.0
5052.0,9010.0
8265.0,5756.0
10464.0,3300.0
9421.0,0.0
8852.0,2989.0
7376.0,6259.0
10930.0,8907.0
13981.0,10260.0
13391.0,17624.0
8354.0,20955.0
4804.0,24327.0
4896.0,15340.0
7998.0,0.0
10170.0,0.0
9235.0,0.0
8780.0,4498.0
7365.0,7871.0
10766.0,10489.0
13846.0,12402.0
13282.0,11835.0
8341.0,12460.0
4507.0,13503.0
4650.0,8415.0
7815.0,5602.0
9973.0,4176.0
9205.0,1627.0
8817.0,2134.0
7679.0,5655.0
10868.0,8203.0
13897.0,10357.0
13197.0,18199.0
8139.0,20709.0
4344.0,23661.0
4636.0,14479.0
7747.0,0.0
9923.0,0.0
9184.0,0.0
8935.0,4300.0
7878.0,8041.0
10999.0,10705.0
14026.0,12816.0
13305.0,12017.0
8265.0,14210.0
4364.0,15098.0
5030.0,10126.0
8256.0,5377.0
10494.0,2341.0
9486.0,0.0
9117.0,2901.0
7938.0,6185.0
11652.0,9000.0
14626.0,12418.0
13462.0,20510.0
7848.0,23172.0
4057.0,23915.0
5159.0,12205.0
8401.0,0.0
10647.0,0.0
9492.0,0.0
9159.0,4981.0
7675.0,8066.0
11665.0,10913.0
14448.0,13998.0
13331.0,13077.0
7698.0,12809.0
4396.0,12201.0
4998.0,5800.0
8188.0,5370.0
10426.0,4391.0
9379.0,2398.0
8914.0,2508.0
7364.0,5507.0
11260.0,8242.0
14163.0,11282.0
13250.0,19399.0
7835.0,21470.0
4505.0,23483.0
4854.0,13143.0
8050.0,0.0
10304.0,0.0
9336.0,0.0
8435.0,4776.0
6925.0,7756.0
10602.0,10288.0
13873.0,12629.0
13549.0,12395.0
8816.0,13339.0
4622.0,13869.0
5250.0,8210.0
8523.0,5758.0
10807.0,3965.0
9525.0,1050.0
8624.0,4729.0
6884.0,7162.0
11166.0,9735.0
14355.0,10079.0
13690.0,17209.0
8621.0,22106.0
4858.0,24445.0
5616.0,14800.0
8880.0,0.0
11095.0,0.0
9581.0,1066.0
8706.0,6558.0
6968.0,8669.0
11622.0,10150.0
14685.0,12281.0
13744.0,11061.0
8316.0,14560.0
4468.0,13355.0
5539.0,6340.0
8710.0,5352.0
10939.0,3508.0
9445.0,2595.0
8424.0,7290.0
6300.0,9296.0
10958.0,9935.0
14312.0,7142.0
13843.0,13732.0
8907.0,22114.0
4718.0,24998.0
5267.0,15278.0
8405.0,750.0
10591.0,0.0
9282.0,1218.0
8224.0,6462.0
6391.0,8531.0
10692.0,9685.0
14189.0,9064.0
13919.0,8337.0
9237.0,11409.0
4431.0,12961.0
5176.0,8240.0
8389.0,5137.0
10649.0,4567.0
9425.0,5807.0
8491.0,7949.0
6686.0,10148.0
10877.0,9973.0
14228.0,6860.0
13745.0,13900.0
8975.0,22222.0
4731.0,24999.0
5491.0,14935.0
8695.0,0.0
10959.0,0.0
9558.0,1252.0
8774.0,6838.0
6942.0,9146.0
11517.0,10513.0
14758.0,10731.0
14068.0,9268.0
8864.0,14059.0
4696.0,14822.0
5835.0,9519.0
8929.0,5504.0
11001.0,3316.0
9447.0,2011.0
8646.0,7451.0
6809.0,9468.0
11633.0,10134.0
14859.0,8522.0
13966.0,15148.0
8676.0,23365.0
4299.0,24933.0
5750.0,13667.0
8797.0,992.0
10863.0,0.0
9328.0,1813.0
8684.0,7200.0
6846.0,9114.0
11764.0,9914.0
14871.0,9089.0
13829.0,8516.0
8294.0,11786.0
4222.0,12689.0
5498.0,7838.0
8575.0,4817.0
10756.0,4020.0
9281.0,4320.0
8520.0,7210.0
6761.0,9171.0
11285.0,9762.0
14537.0,9629.0
13695.0,16320.0
8533.0,24399.0
4235.0,24533.0
5577.0,11820.0
8722.0,0.0
10957.0,0.0
9401.0,2704.0
8472.0,8033.0
6413.0,9845.0
11080.0,9706.0
14326.0,7326.0
13822.0,7970.0
8972.0,10961.0
4803.0,13131.0
6002.0,9003.0
9177.0,5503.0
11417.0,5129.0
9534.0,6712.0
8754.0,8211.0
6739.0,9752.0
12075.0,9603.0
15131.0,7803.0
14015.0,15903.0
8337.0,23947.0
4308.0,24871.0
6138.0,12959.0
9280.0,0.0
11378.0,0.0
9506.0,2968.0
8840.0,8351.0
6898.0,10025.0
12341.0,9928.0
15247.0,8764.0
13925.0,9324.0
7978.0,13801.0
4291.0,14049.0
5972.0,8658.0
9072.0,4906.0
11155.0,3060.0
9477.0,1917.0
8373.0,7039.0
6179.0,8738.0
11407.0,9838.0
14717.0,9149.0
14007.0,15838.0
8889.0,24555.0
4642.0,25990.0
5830.0,13908.0
8918.0,631.0
11064.0,0.0
9357.0,3257.0
8299.0,8543.0
5983.0,10124.0
11095.0,9542.0
14446.0,6034.0
14004.0,7444.0
9159.0,10175.0
4786.0,11606.0
5952.0,7965.0
9100.0,4099.0
11284.0,5598.0
9413.0,8625.0
8426.0,11397.0
6213.0,9345.0
11533.0,9627.0
14798.0,6810.0
14123.0,11310.0
9004.0,20091.0
5094.0,23155.0
6431.0,15882.0
9636.0,1974.0
11565.0,0.0
9346.0,4017.0
8016.0,8978.0
6653.0,10650.0
12221.0,9518.0
15509.0,6056.0
14434.0,9576.0
8672.0,18144.0
4503.0,20073.0
6480.0,14644.0
9595.0,3771.0
11384.0,0.0
9310.0,2370.0
7835.0,7371.0
6260.0,9024.0
11656.0,9523.0
15001.0,5845.0
14296.0,10744.0
9150.0,19835.0
4913.0,23976.0
6386.0,17242.0
9428.0,2294.0
11277.0,0.0
9280.0,4019.0
8021.0,8958.0
6284.0,10553.0
11668.0,9314.0
14856.0,4214.0
14068.0,6636.0
8751.0,15269.0
4940.0,19204.0
6163.0,16348.0
9183.0,5708.0
11016.0,0.0
9191.0,2591.0
8083.0,7420.0
6280.0,9026.0
11414.0,9238.0
14609.0,6727.0
14123.0,11666.0
9089.0,20632.0
5390.0,23950.0
6371.0,16152.0
9320.0,1250.0
11011.0,0.0
9247.0,4711.0
8137.0,9512.0
6648.0,11237.0
11993.0,9463.0
15155.0,4320.0
14422.0,7630.0
8955.0,16556.0
5337.0,20269.0
6568.0,16613.0
9524.0,4904.0
11083.0,0.0
9318.0,2561.0
8300.0,7369.0
7186.0,9260.0
12791.0,9839.0
15658.0,7585.0
14497.0,13633.0
8250.0,22061.0
4829.0,24736.0
6571.0,15200.0
9363.0,0.0
10887.0,0.0
9468.0,3622.0
8554.0,8719.0
7057.0,10567.0
12539.0,10008.0
15396.0,5520.0
14195.0,7487.0
8089.0,15746.0
4810.0,19332.0
6294.0,15799.0
9143.0,4625.0
10801.0,0.0
9461.0,1543.0
8599.0,6751.0
6773.0,8538.0
12193.0,9979.0
15068.0,8416.0
14044.0,13543.0
8218.0,21894.0
4852.0,24450.0
6275.0,14810.0
9190.0,0.0
10860.0,0.0
9392.0,3820.0
8604.0,8874.0
6781.0,10662.0
12128.0,9819.0
14886.0,6440.0
14027.0,7994.0
8345.0,15324.0
5325.0,18143.0
6316.0,14101.0
9158.0,5422.0
10840.0,551.0
9454.0,1751.0
9108.0,7035.0
7538.0,8966.0
12983.0,10370.0
15636.0,9715.0
14297.0,16389.0
7976.0,24676.0
5186.0,26339.0
6634.0,14034.0
9502.0,0.0
10986.0,0.0
9636.0,3575.0
8987.0,8775.0
7485.0,10800.0
13047.0,10459.0
15520.0,7258.0
14065.0,7901.0
7653.0,12313.0
5170.0,14794.0
6716.0,11010.0
9545.0,5273.0
10966.0,3548.0
9449.0,2124.0
8639.0,6496.0
7331.0,8513.0
12867.0,10283.0
15421.0,12178.0
14056.0,18471.0
7821.0,26299.0
5291.0,26012.0
6630.0,11826.0
9452.0,0.0
10795.0,0.0
9241.0,3543.0
8422.0,8217.0
7104.0,10106.0
12605.0,9694.0
15212.0,6941.0
13944.0,7739.0
7900.0,9856.0
5323.0,12525.0
6496.0,8701.0
9363.0,5241.0
10804.0,5567.0
9221.0,7531.0
8568.0,8729.0
7124.0,9290.0
12661.0,9940.0
15240.0,9105.0
14143.0,14809.0
8017.0,23118.0
5953.0,25183.0
6987.0,14474.0
9863.0,0.0
11017.0,0.0
9144.0,4273.0
8189.0,8660.0
7460.0,10683.0
13082.0,9689.0
15749.0,6598.0
14361.0,8007.0
8008.0,15881.0
5951.0,18601.0
7440.0,14816.0
10366.0,5522.0
11249.0,360.0
9038.0,4122.0
7807.0,8001.0
7500.0,10000.0
13112.0,9125.0
15610.0,7757.0
14217.0,15663.0
7792.0,23775.0
6018.0,25534.0
7347.0,14080.0
10249.0,0.0
11181.0,0.0
9067.0,5109.0
7747.0,9030.0
7296.0,11039.0
12827.0,9147.0
15289.0,5939.0
13864.0,7992.0
7685.0,13446.0
5695.0,15967.0
6748.0,11949.0
9690.0,5595.0
11084.0,1954.0
9102.0,2551.0
8211.0,6953.0
6858.0,8901.0
12328.0,9553.0
14935.0,9918.0
13878.0,16433.0
8096.0,24849.0
6192.0,26334.0
6812.0,13839.0
9731.0,0.0
10983.0,0.0
9107.0,4814.0
8481.0,9131.0
7515.0,11135.0
13055.0,9616.0
15489.0,6883.0
14244.0,8594.0
7913.0,12811.0
6534.0,15298.0
7319.0,10728.0
10277.0,5791.0
11168.0,3183.0
9199.0,4117.0
8254.0,7884.0
8073.0,9989.0
13587.0,9208.0
15833.0,11886.0
14211.0,20454.0
7627.0,28361.0
6385.0,26327.0
7536.0,9967.0
10462.0,0.0
11195.0,0.0
9163.0,6238.0
7908.0,9884.0
7528.0,12022.0
13002.0,9108.0
15342.0,4770.0
14062.0,7859.0
7908.0,9401.0
6526.0,12283.0
7050.0,8448.0
9920.0,5368.0
10966.0,5809.0
9158.0,7949.0
8175.0,8422.0
7338.0,8691.0
12771.0,9369.0
15240.0,9947.0
14094.0,14810.0
7973.0,23098.0
6182.0,24556.0
6975.0,13738.0
9773.0,282.0
10826.0,0.0
9104.0,5410.0
8383.0,9476.0
7550.0,11407.0
12942.0,9188.0
15261.0,6066.0
13916.0,8476.0
7668.0,15275.0
6506.0,17800.0
7142.0,13277.0
10021.0,5660.0
11008.0,88.0
9247.0,4005.0
8514.0,7975.0
8186.0,10033.0
13523.0,9347.0
15746.0,10221.0
14050.0,18342.0
7598.0,26245.0
6407.0,25969.0
7409.0,11612.0
10305.0,0.0
11076.0,0.0
9211.0,5853.0
8233.0,9573.0
8404.0,11711.0
13713.0,9226.0
16004.0,5594.0
14204.0,8170.0
7471.0,13275.0
6061.0,15472.0
7481.0,11301.0
10413.0,4804.0
11145.0,1908.0
9086.0,4240.0
8102.0,7785.0
8379.0,9907.0
13776.0,9022.0
16043.0,14077.0
14095.0,22624.0
7249.0,29394.0
5632.0,25231.0
7173.0,6560.0
10090.0,0.0
11029.0,0.0
9055.0,5403.0
8237.0,9254.0
8234.0,11354.0
13501.0,9279.0
15841.0,6055.0
13939.0,8084.0
7223.0,9985.0
5452.0,11847.0
7015.0,7722.0
9957.0,4649.0
11110.0,4941.0
9239.0,7871.0
8482.0,9288.0
8055.0,9509.0
13308.0,9530.0
15760.0,11386.0
14133.0,19022.0
7600.0,26932.0
6001.0,25854.0
7421.0,10869.0
10466.0,0.0
11396.0,0.0
9371.0,6326.0
8392.0,10168.0
8746.0,12253.0
14166.0,9275.0
16531.0,5480.0
14316.0,8356.0
7120.0,14445.0
5301.0,15538.0
7535.0,11305.0
10646.0,4317.0
11575.0,1001.0
9684.0,3989.0
8662.0,7786.0
8916.0,9913.0
14223.0,9349.0
16169.0,16885.0
13579.0,24501.0
7014.0,30476.0
5091.0,23714.0
7297.0,3587.0
10416.0,0.0
11498.0,0.0
9504.0,5593.0
8562.0,9430.0
8739.0,11463.0
13963.0,9197.0
16076.0,7040.0
13645.0,8584.0
6996.0,11781.0
4962.0,11945.0
7046.0,7351.0
10140.0,4316.0
11448.0,3527.0
9496.0,5588.0
8691.0,7675.0
8435.0,9603.0
13736.0,9465.0
16041.0,17465.0
13845.0,25096.0
7159.0,30715.0
5115.0,23695.0
7233.0,3677.0
10474.0,0.0
11810.0,0.0
9696.0,6258.0
8813.0,10385.0
8476.0,12348.0
13880.0,9378.0
16062.0,6422.0
13772.0,8816.0
7296.0,11307.0
5473.0,11698.0
7415.0,7035.0
10652.0,4826.0
11911.0,4458.0
9826.0,7065.0
9032.0,8189.0
9158.0,10081.0
14507.0,10943.0
16588.0,18172.0
13830.0,25435.0
7039.0,30651.0
4990.0,22338.0
7563.0,3696.0
10726.0,0.0
11851.0,0.0
9697.0,5688.0
8733.0,9569.0
8887.0,11566.0
14298.0,9207.0
16449.0,6841.0
13718.0,8300.0
7086.0,12182.0
4826.0,12165.0
7327.0,7917.0
10559.0,4029.0
11796.0,2790.0
9712.0,5440.0
8825.0,8536.0
8973.0,10490.0
14172.0,11369.0
16306.0,20234.0
13549.0,28460.0
6885.0,30245.0
4533.0,20558.0
7063.0,1103.0
10406.0,0.0
11918.0,0.0
9749.0,5062.0
9017.0,9274.0
8606.0,11118.0
13872.0,9209.0
16101.0,6983.0
13633.0,8163.0
7179.0,11241.0
5085.0,11467.0
7330.0,7322.0
10760.0,4568.0
12168.0,3628.0
9628.0,7266.0
8650.0,9272.0
8518.0,11152.0
13934.0,11857.0
16272.0,18128.0
14079.0,27746.0
7553.0,30986.0
5695.0,21739.0
7701.0,4636.0
11053.0,0.0
12210.0,0.0
9691.0,6254.0
8542.0,9868.0
8964.0,11871.0
14410.0,8970.0
16613.0,4925.0
13995.0,7049.0
7260.0,9839.0
5361.0,11536.0
7827.0,8801.0
11105.0,4706.0
12193.0,4562.0
9679.0,8599.0
8468.0,9212.0
8721.0,10982.0
14281.0,12616.0
16394.0,17777.0
13781.0,26555.0
7114.0,30418.0
5313.0,20576.0
7487.0,5818.0
10742.0,0.0
12061.0,0.0
9632.0,5120.0
8735.0,9139.0
8561.0,11163.0
14017.0,9391.0
16214.0,5144.0
13746.0,6014.0
7158.0,8578.0
5299.0,11271.0
7463.0,9349.0
10794.0,5709.0
12120.0,4134.0
9670.0,7780.0
8698.0,8901.0
8522.0,10904.0
13883.0,13241.0
16000.0,18522.0
13664.0,27181.0
7242.0,30468.0
5705.0,20159.0
7635.0,6216.0
11049.0,0.0
12336.0,0.0
9920.0,5712.0
8950.0,9700.0
9133.0,11829.0
14600.0,9530.0
16534.0,5869.0
13634.0,7011.0
7205.0,10023.0
5642.0,11632.0
8084.0,9073.0
11387.0,5293.0
12290.0,4745.0
9803.0,7725.0
8365.0,8476.0
9234.0,10663.0
14662.0,13775.0
16548.0,19140.0
13596.0,27519.0
7220.0,30352.0
5676.0,19490.0
8078.0,5843.0
11341.0,0.0
12108.0,78.0
9568.0,6531.0
8083.0,9958.0
8784.0,12035.0
14292.0,8930.0
16404.0,3315.0
13827.0,5643.0
7311.0,8858.0
5797.0,12227.0
7903.0,10815.0
11111.0,6866.0
11932.0,4051.0
9414.0,7360.0
8096.0,8455.0
8583.0,10520.0
14236.0,10927.0
16433.0,17154.0
14122.0,26406.0
7364.0,31744.0
5964.0,22733.0
8036.0,5345.0
11125.0,0.0
11809.0,889.0
9392.0,7154.0
8057.0,10352.0
8773.0,11674.0
14251.0,7964.0
16374.0,2588.0
13967.0,6567.0
7474.0,8931.0
6408.0,12054.0
8360.0,9856.0
11521.0,5938.0
12045.0,6418.0
9451.0,11516.0
7859.0,10928.0
9102.0,11682.0
14732.0,9749.0
16914.0,12851.0
14251.0,25348.0
7378.0,31092.0
6099.0,23329.0
8595.0,6483.0
11793.0,0.0
12130.0,1555.0
9606.0,7825.0
7844.0,10728.0
9354.0,11573.0
14753.0,7293.0
16595.0,2541.0
13673.0,7095.0
7365.0,11220.0
6264.0,13191.0
8526.0,10491.0
11715.0,5117.0
12047.0,5704.0
9352.0,9066.0
7570.0,10718.0
9104.0,10944.0
14586.0,9223.0
16553.0,14758.0
13752.0,27373.0
7274.0,31483.0
6093.0,21582.0
8383.0,4535.0
11593.0,0.0
11948.0,2834.0
9031.0,8781.0
7222.0,11160.0
8832.0,10484.0
14346.0,5111.0
16496.0,1422.0
13968.0,6223.0
7223.0,8966.0
6099.0,11843.0
8484.0,9926.0
11675.0,5962.0
12019.0,7726.0
9339.0,12660.0
7595.0,12132.0
9217.0,10698.0
14606.0,7934.0
16502.0,13215.0
13681.0,25780.0
7413.0,30751.0
6599.0,22173.0
8866.0,6287.0
12100.0,0.0
12244.0,3079.0
9664.0,9111.0
7684.0,11478.0
9977.0,10824.0
15186.0,5267.0
16726.0,4338.0
13248.0,8363.0
7265.0,12855.0
6259.0,12635.0
9134.0,8880.0
12347.0,4823.0
12225.0,7076.0
9572.0,10447.0
7345.0,11305.0
9880.0,10386.0
15001.0,7850.0
16482.0,15597.0
12928.0,27428.0
7128.0,30440.0
6210.0,20000.0
9060.0,3129.0
12318.0,0.0
12302.0,4321.0
9370.0,10118.0
7108.0,11955.0
9792.0,10007.0
15004.0,3422.0
16694.0,5318.0
13154.0,9257.0
6931.0,13539.0
5655.0,11817.0
8727.0,6898.0
12057.0,4225.0
12339.0,6466.0
9289.0,10109.0
7268.0,11284.0
9464.0,10322.0
14779.0,7451.0
16544.0,16378.0
13313.0,28572.0
7041.0,31113.0
6012.0,20689.0
8780.0,2438.0
12084.0,0.0
12364.0,3441.0
9487.0,9395.0
7624.0,11791.0
9826.0,10768.0
15162.0,4955.0
16882.0,4874.0
13542.0,9149.0
7259.0,13664.0
6377.0,12924.0
9228.0,8324.0
12539.0,4889.0
12461.0,7224.0
9449.0,10429.0
7127.0,11495.0
10000.0,10274.0
15411.0,6480.0
17105.0,16110.0
13661.0,28747.0
7156.0,31677.0
6184.0,21589.0
9507.0,1715.0
12784.0,0.0
12459.0,4995.0
9385.0,10915.0
6844.0,12633.0
10015.0,10104.0
15356.0,2735.0
16993.0,4730.0
13439.0,9017.0
7122.0,14062.0
6026.0,13187.0
9151.0,8769.0
12426.0,4692.0
12317.0,5860.0
9085.0,8586.0
6761.0,10500.0
9608.0,10085.0
15040.0,6761.0
16900.0,15439.0
13619.0,28043.0
7055.0,31729.0
5948.0,21976.0
8882.0,2327.0
12197.0,0.0
12341.0,4621.0
9101.0,10508.0
6996.0,12650.0
9398.0,10431.0
14946.0,3479.0
16932.0,3981.0
13889.0,8620.0
7173.0,12637.0
6255.0,12728.0
9047.0,8581.0
12473.0,4917.0
12515.0,6637.0
9483.0,10141.0
7288.0,10954.0
9980.0,10611.0
15404.0,8531.0
17150.0,16524.0
13777.0,29300.0
7380.0,31828.0
6643.0,21511.0
9546.0,3383.0
12896.0,0.0
12632.0,5069.0
9584.0,11094.0
7128.0,13051.0
10321.0,10626.0
15566.0,3198.0
17026.0,4741.0
13247.0,8829.0
7288.0,12535.0
6721.0,12040.0
9741.0,8025.0
13114.0,5338.0
12626.0,7976.0
9053.0,11465.0
6267.0,10427.0
9787.0,9812.0
15295.0,6645.0
17085.0,13830.0
13659.0,26606.0
7120.0,31718.0
6244.0,21787.0
9326.0,4639.0
12743.0,0.0
12675.0,5905.0
8933.0,11639.0
6431.0,13253.0
9513.0,9758.0
15098.0,1643.0
17175.0,4024.0
13907.0,8704.0
7035.0,12758.0
6006.0,12517.0
9060.0,8352.0
12510.0,4658.0
12620.0,6366.0
9178.0,9920.0
7033.0,10518.0
9606.0,10286.0
15211.0,8298.0
17197.0,16424.0
13986.0,29389.0
7260.0,32446.0
6697.0,21651.0
9545.0,3447.0
13027.0,0.0
12883.0,6502.0
9232.0,12359.0
6701.0,13915.0
9996.0,9959.0
15603.0,13121.0
17582.0,15172.0
14153.0,7098.0
7328.0,0.0
6684.0,0.0
9860.0,7953.0
13340.0,16043.0
12974.0,13040.0
9131.0,0.0
6324.0,12538.0
9819.0,34972.0
15419.0,58067.0
17259.0,49202.0
13939.0,24986.0
7228.0,0.0
6551.0,0.0
9517.0,11342.0
13060.0,19303.0
12902.0,16229.0
9218.0,0.0
6619.0,0.0
9912.0,0.0
15474.0,0.0
17364.0,0.0
13881.0,0.0
7172.0,0.0
6028.0,0.0
9141.0,4237.0
12611.0,12062.0
12755.0,8988.0
9245.0,0.0
7104.0,1822.0
9616.0,17701.0
15271.0,39544.0
17170.0,41536.0
13940.0,23940.0
7254.0,0.0
6428.0,3002.0
9251.0,19603.0
12712.0,27575.0
12778.0,21620.0
9198.0,0.0
7031.0,0.0
9615.0,0.0
15400.0,4825.0
17564.0,1282.0
14511.0,0.0
7388.0,0.0
6651.0,0.0
9656.0,0.0
